Date,Holiday,Weekend,Temperature,Bookings,Events,Occupancy,GuestCount
2017-01-01,1,1,27.3,418,0,89,829
2017-01-02,0,0,29.1,149,0,30,278
2017-01-03,0,0,31.0,175,0,39,333
2017-01-04,0,0,21.2,212,0,39,396
2017-01-05,0,0,19.5,175,0,35,290
2017-01-06,0,0,31.5,170,0,30,333
2017-01-07,0,1,27.9,371,1,83,626
2017-01-08,0,1,30.8,271,0,49,435
2017-01-09,0,0,18.7,217,0,48,336
2017-01-10,0,0,20.6,158,0,27,309
2017-01-11,0,0,35.9,154,0,28,297
2017-01-12,0,0,19.2,183,0,37,307
2017-01-13,0,0,35.0,193,0,40,296
2017-01-14,0,1,24.2,309,0,61,473
2017-01-15,0,1,34.8,274,0,56,541
2017-01-16,0,0,35.8,186,0,34,362
2017-01-17,0,0,23.2,162,0,29,269
2017-01-18,0,0,29.1,174,0,30,263
2017-01-19,0,0,31.7,144,0,33,232
2017-01-20,0,0,24.9,149,0,33,225
2017-01-21,0,1,23.6,284,0,56,464
2017-01-22,0,1,33.6,307,0,58,472
2017-01-23,0,0,25.4,152,0,34,270
2017-01-24,0,0,24.9,142,0,24,238
2017-01-25,0,0,32.3,218,0,41,382
2017-01-26,0,0,27.1,145,0,31,256
2017-01-27,0,0,21.8,210,0,46,321
2017-01-28,0,1,33.6,273,0,51,529
2017-01-29,0,1,35.5,277,0,58,530
2017-01-30,0,0,35.8,184,0,34,339
2017-01-31,0,0,26.4,202,0,38,311
2017-02-01,0,0,20.7,184,0,33,289
2017-02-02,0,0,22.6,148,0,34,255
2017-02-03,0,0,27.4,158,0,36,299
2017-02-04,0,1,26.0,237,0,51,379
2017-02-05,0,1,34.0,304,0,61,605
2017-02-06,0,0,23.5,181,0,33,355
2017-02-07,0,0,32.4,187,0,34,331
2017-02-08,0,0,18.8,261,1,61,484
2017-02-09,0,0,26.8,152,0,32,273
2017-02-10,0,0,33.7,218,0,43,343
2017-02-11,0,1,30.5,335,1,71,652
2017-02-12,0,1,27.6,310,0,57,519
2017-02-13,0,0,34.5,152,0,30,239
2017-02-14,1,0,31.1,270,0,60,445
2017-02-15,0,0,26.5,219,0,47,372
2017-02-16,0,0,30.7,209,0,39,338
2017-02-17,0,0,26.0,188,0,33,307
2017-02-18,0,1,28.4,245,0,44,469
2017-02-19,0,1,35.8,275,0,56,415
2017-02-20,0,0,25.4,179,0,31,352
2017-02-21,0,0,22.4,158,0,27,295
2017-02-22,0,0,26.2,179,0,40,356
2017-02-23,0,0,24.0,218,0,48,342
2017-02-24,0,0,19.3,217,0,39,404
2017-02-25,0,1,32.5,260,0,48,505
2017-02-26,0,1,33.6,276,0,57,430
2017-02-27,0,0,32.8,216,0,47,394
2017-02-28,0,0,21.9,167,0,31,304
2017-03-01,0,0,27.2,279,1,65,437
2017-03-02,0,0,20.0,157,0,27,273
2017-03-03,0,0,32.1,161,0,35,269
2017-03-04,0,1,28.8,243,0,48,439
2017-03-05,0,1,22.4,234,0,52,455
2017-03-06,0,0,23.9,144,0,25,258
2017-03-07,0,0,35.3,146,0,29,289
2017-03-08,0,0,24.4,169,0,31,332
2017-03-09,0,0,31.6,165,0,32,267
2017-03-10,0,0,23.1,143,0,31,220
2017-03-11,0,1,34.5,310,0,63,582
2017-03-12,0,1,21.0,281,0,53,482
2017-03-13,0,0,25.6,169,0,34,292
2017-03-14,0,0,27.4,157,0,28,241
2017-03-15,0,0,29.8,195,0,38,302
2017-03-16,0,0,30.5,140,0,27,264
2017-03-17,0,0,33.0,176,0,31,296
2017-03-18,0,1,18.7,325,1,67,562
2017-03-19,0,1,32.6,298,0,64,495
2017-03-20,0,0,23.2,205,0,42,364
2017-03-21,0,0,35.8,184,0,39,309
2017-03-22,0,0,34.6,193,0,35,350
2017-03-23,0,0,34.2,148,0,35,236
2017-03-24,0,0,22.3,162,0,29,267
2017-03-25,0,1,29.8,233,0,48,369
2017-03-26,0,1,28.6,235,0,44,432
2017-03-27,0,0,33.0,175,0,31,315
2017-03-28,0,0,20.2,178,0,39,280
2017-03-29,0,0,30.1,159,0,29,241
2017-03-30,0,0,22.0,209,0,38,363
2017-03-31,0,0,27.9,206,0,42,358
2017-04-01,0,1,24.1,261,0,52,462
2017-04-02,0,1,20.0,258,0,53,500
2017-04-03,0,0,25.3,154,0,31,291
2017-04-04,0,0,25.6,190,0,34,348
2017-04-05,0,0,19.6,209,0,41,356
2017-04-06,0,0,29.3,196,0,41,373
2017-04-07,0,0,21.9,198,0,35,345
2017-04-08,0,1,27.5,256,0,52,407
2017-04-09,0,1,34.2,260,0,50,394
2017-04-10,0,0,19.5,169,0,32,257
2017-04-11,0,0,35.8,194,0,41,364
2017-04-12,0,0,30.1,155,0,29,268
2017-04-13,0,0,33.4,189,0,37,372
2017-04-14,0,0,35.1,274,1,62,541
2017-04-15,0,1,27.6,301,0,56,527
2017-04-16,0,1,23.0,301,0,60,490
2017-04-17,0,0,19.4,150,0,29,237
2017-04-18,0,0,29.0,177,0,30,348
2017-04-19,0,0,28.4,196,0,42,351
2017-04-20,0,0,25.2,191,0,37,373
2017-04-21,0,0,23.8,203,0,46,333
2017-04-22,0,1,34.7,251,0,48,486
2017-04-23,0,1,33.4,245,0,47,418
2017-04-24,0,0,30.0,218,0,44,373
2017-04-25,0,0,27.2,153,0,26,300
2017-04-26,0,0,34.6,155,0,27,256
2017-04-27,0,0,21.2,177,0,33,340
2017-04-28,0,0,31.0,165,0,30,298
2017-04-29,0,1,19.3,357,1,76,661
2017-04-30,0,1,22.9,302,0,64,523
2017-05-01,0,0,29.5,187,0,36,295
2017-05-02,0,0,35.6,169,0,32,300
2017-05-03,0,0,25.2,188,0,33,364
2017-05-04,0,0,26.2,177,0,31,273
2017-05-05,0,0,31.4,222,1,48,436
2017-05-06,0,1,23.2,272,0,52,521
2017-05-07,0,1,32.6,307,0,58,602
2017-05-08,0,0,35.9,158,0,27,301
2017-05-09,0,0,21.1,194,0,39,299
2017-05-10,0,0,24.0,150,0,30,279
2017-05-11,0,0,34.6,209,0,40,330
2017-05-12,0,0,31.5,212,0,40,347
2017-05-13,0,1,25.7,244,0,53,444
2017-05-14,0,1,20.1,273,0,53,529
2017-05-15,0,0,24.1,230,1,48,451
2017-05-16,0,0,24.6,163,0,32,261
2017-05-17,0,0,28.8,193,0,35,324
2017-05-18,0,0,26.9,209,0,38,340
2017-05-19,0,0,34.4,163,0,38,268
2017-05-20,0,1,31.4,282,0,54,433
2017-05-21,0,1,23.8,298,0,57,507
2017-05-22,0,0,30.8,206,0,36,320
2017-05-23,0,0,29.3,140,0,32,249
2017-05-24,0,0,19.8,142,0,26,270
2017-05-25,0,0,21.9,161,0,30,256
2017-05-26,0,0,19.0,141,0,26,267
2017-05-27,0,1,18.7,309,0,58,612
2017-05-28,0,1,21.3,287,0,57,435
2017-05-29,0,0,20.9,210,0,44,357
2017-05-30,0,0,31.0,214,0,41,329
2017-05-31,0,0,33.6,184,0,32,340
2017-06-01,0,0,20.4,167,0,34,269
2017-06-02,0,0,28.3,217,0,44,363
2017-06-03,0,1,29.1,288,0,61,556
2017-06-04,0,1,20.4,278,0,60,491
2017-06-05,0,0,32.5,217,0,40,398
2017-06-06,0,0,18.2,201,0,41,394
2017-06-07,0,0,27.3,206,0,44,331
2017-06-08,0,0,23.0,150,0,31,256
2017-06-09,0,0,28.1,201,0,38,322
2017-06-10,0,1,22.9,310,0,58,494
2017-06-11,0,1,24.2,296,0,60,572
2017-06-12,0,0,32.0,147,0,25,249
2017-06-13,0,0,21.6,217,0,43,379
2017-06-14,0,0,22.5,215,0,44,413
2017-06-15,0,0,20.3,291,1,61,476
2017-06-16,0,0,25.3,163,0,35,266
2017-06-17,0,1,20.2,234,0,46,352
2017-06-18,0,1,32.7,296,0,61,460
2017-06-19,0,0,26.2,215,0,44,343
2017-06-20,0,0,29.6,196,0,43,363
2017-06-21,0,0,30.2,182,0,41,350
2017-06-22,0,0,27.9,220,0,40,356
2017-06-23,0,0,27.7,219,0,39,430
2017-06-24,0,1,32.4,290,0,59,487
2017-06-25,0,1,32.1,315,1,66,621
2017-06-26,0,0,23.5,191,0,43,290
2017-06-27,0,0,35.3,185,0,38,344
2017-06-28,0,0,32.2,224,1,44,442
2017-06-29,0,0,27.3,141,0,23,280
2017-06-30,0,0,26.2,158,0,30,278
2017-07-01,0,1,34.0,276,0,56,501
2017-07-02,0,1,29.8,268,0,53,451
2017-07-03,0,0,28.4,196,0,43,361
2017-07-04,1,0,31.0,291,0,64,569
2017-07-05,0,0,33.4,194,0,44,378
2017-07-06,0,0,19.6,213,0,40,347
2017-07-07,0,0,26.8,209,0,43,330
2017-07-08,0,1,28.7,235,0,44,464
2017-07-09,0,1,21.9,262,0,48,436
2017-07-10,0,0,28.8,191,0,36,369
2017-07-11,0,0,30.7,159,0,33,262
2017-07-12,0,0,29.9,145,0,30,246
2017-07-13,0,0,30.1,217,0,38,423
2017-07-14,0,0,24.3,189,0,40,330
2017-07-15,0,1,34.8,242,0,51,389
2017-07-16,0,1,33.6,248,0,51,443
2017-07-17,0,0,35.1,218,0,41,344
2017-07-18,0,0,23.4,187,0,38,292
2017-07-19,0,0,33.1,201,0,43,337
2017-07-20,0,0,32.6,176,0,33,341
2017-07-21,0,0,32.9,164,0,37,263
2017-07-22,0,1,21.0,295,0,58,570
2017-07-23,0,1,32.0,269,0,51,461
2017-07-24,0,0,33.8,140,0,26,232
2017-07-25,0,0,21.3,171,0,34,273
2017-07-26,0,0,30.3,176,0,32,322
2017-07-27,0,0,25.6,180,0,31,298
2017-07-28,0,0,20.7,179,0,37,320
2017-07-29,0,1,33.9,302,0,65,549
2017-07-30,0,1,24.1,244,0,51,466
2017-07-31,0,0,22.7,181,0,31,280
2017-08-01,0,0,25.0,289,1,62,470
2017-08-02,0,0,34.7,208,0,45,355
2017-08-03,0,0,33.0,145,0,30,231
2017-08-04,0,0,28.3,167,0,35,315
2017-08-05,0,1,30.1,290,0,53,533
2017-08-06,0,1,28.1,232,0,47,398
2017-08-07,0,0,26.7,148,0,35,274
2017-08-08,0,0,29.9,217,0,41,337
2017-08-09,0,0,20.4,180,0,39,341
2017-08-10,0,0,25.8,144,0,30,219
2017-08-11,0,0,29.0,191,0,39,381
2017-08-12,0,1,23.8,296,0,60,475
2017-08-13,0,1,35.0,300,0,63,589
2017-08-14,0,0,35.1,164,0,33,307
2017-08-15,0,0,19.9,195,0,34,305
2017-08-16,0,0,18.1,185,0,40,314
2017-08-17,0,0,33.9,154,0,30,293
2017-08-18,0,0,18.2,170,0,36,329
2017-08-19,0,1,35.4,286,0,58,472
2017-08-20,0,1,21.0,296,0,54,538
2017-08-21,0,0,32.7,182,0,32,311
2017-08-22,0,0,21.1,161,0,27,246
2017-08-23,0,0,32.2,165,0,29,284
2017-08-24,0,0,20.4,235,1,51,423
2017-08-25,0,0,30.8,197,0,39,366
2017-08-26,0,1,21.5,292,0,59,580
2017-08-27,0,1,31.6,310,0,62,600
2017-08-28,0,0,23.2,157,0,30,246
2017-08-29,0,0,32.2,212,0,47,413
2017-08-30,0,0,27.9,169,0,31,257
2017-08-31,0,0,19.7,251,1,56,486
2017-09-01,0,0,32.4,226,1,51,400
2017-09-02,0,1,26.6,250,0,50,417
2017-09-03,0,1,22.6,274,0,58,461
2017-09-04,0,0,18.3,177,0,39,290
2017-09-05,0,0,25.1,190,0,39,321
2017-09-06,0,0,29.1,210,0,38,333
2017-09-07,0,0,28.6,190,0,34,311
2017-09-08,0,0,35.1,155,0,36,300
2017-09-09,0,1,32.5,250,0,46,389
2017-09-10,0,1,33.0,287,0,58,512
2017-09-11,0,0,30.3,147,0,25,224
2017-09-12,0,0,28.5,189,0,38,298
2017-09-13,0,0,26.4,196,0,41,312
2017-09-14,0,0,18.5,158,0,37,305
2017-09-15,0,0,29.6,159,0,33,239
2017-09-16,0,1,30.6,307,0,61,540
2017-09-17,0,1,23.1,274,0,57,496
2017-09-18,0,0,32.5,215,0,38,344
2017-09-19,0,0,23.5,157,0,29,269
2017-09-20,0,0,32.0,200,0,38,344
2017-09-21,0,0,33.6,154,0,36,286
2017-09-22,0,0,34.1,158,0,29,266
2017-09-23,0,1,28.4,305,0,58,591
2017-09-24,0,1,30.0,242,0,46,482
2017-09-25,0,0,35.4,141,0,27,272
2017-09-26,0,0,29.7,142,0,32,222
2017-09-27,0,0,34.3,203,0,43,355
2017-09-28,0,0,19.4,162,0,35,256
2017-09-29,0,0,27.1,220,0,44,418
2017-09-30,0,1,21.5,233,0,50,441
2017-10-01,0,1,19.1,272,0,50,528
2017-10-02,0,0,23.0,214,0,41,332
2017-10-03,0,0,18.2,206,0,41,346
2017-10-04,0,0,33.6,167,0,32,285
2017-10-05,0,0,23.2,203,0,44,320
2017-10-06,0,0,27.4,179,0,35,328
2017-10-07,0,1,19.5,307,0,56,546
2017-10-08,0,1,21.9,254,0,46,406
2017-10-09,0,0,27.4,157,0,32,266
2017-10-10,0,0,26.2,171,0,30,313
2017-10-11,0,0,22.6,186,0,37,279
2017-10-12,0,0,26.7,140,0,26,274
2017-10-13,0,0,31.1,160,0,32,242
2017-10-14,0,1,27.9,264,0,53,474
2017-10-15,0,1,24.9,249,0,51,464
2017-10-16,0,0,21.6,181,0,34,325
2017-10-17,0,0,34.0,178,0,33,311
2017-10-18,0,0,28.5,167,0,36,297
2017-10-19,0,0,31.8,148,0,29,264
2017-10-20,0,0,20.6,175,0,35,290
2017-10-21,0,1,26.1,279,0,57,498
2017-10-22,0,1,30.9,280,0,60,441
2017-10-23,0,0,26.9,199,0,43,350
2017-10-24,0,0,28.0,148,0,30,260
2017-10-25,0,0,20.4,204,0,43,323
2017-10-26,0,0,35.7,158,0,27,287
2017-10-27,0,0,19.3,190,0,38,379
2017-10-28,0,1,22.8,261,0,53,510
2017-10-29,0,1,26.1,238,0,50,396
2017-10-30,0,0,26.9,189,0,42,333
2017-10-31,1,0,27.5,280,0,58,463
2017-11-01,0,0,23.0,158,0,31,299
2017-11-02,0,0,26.8,300,1,62,544
2017-11-03,0,0,25.6,214,0,39,328
2017-11-04,0,1,20.4,272,0,57,522
2017-11-05,0,1,30.3,250,0,50,421
2017-11-06,0,0,19.6,143,0,25,262
2017-11-07,0,0,23.5,164,0,36,305
2017-11-08,0,0,29.3,144,0,32,242
2017-11-09,0,0,34.6,210,0,39,392
2017-11-10,0,0,22.5,196,0,34,330
2017-11-11,0,1,25.2,284,0,55,502
2017-11-12,0,1,28.0,268,0,52,501
2017-11-13,0,0,23.4,290,1,61,505
2017-11-14,0,0,28.7,140,0,24,226
2017-11-15,0,0,26.2,141,0,23,234
2017-11-16,0,0,33.8,167,0,36,287
2017-11-17,0,0,33.8,179,0,41,302
2017-11-18,0,1,28.8,265,0,52,497
2017-11-19,0,1,26.5,258,0,55,484
2017-11-20,0,0,23.4,216,0,45,365
2017-11-21,0,0,22.3,170,0,32,291
2017-11-22,0,0,29.9,152,0,27,265
2017-11-23,0,0,22.6,148,0,32,252
2017-11-24,0,0,20.2,155,0,27,286
2017-11-25,1,1,24.6,416,0,85,793
2017-11-26,0,1,34.7,278,0,51,512
2017-11-27,0,0,29.1,145,0,26,244
2017-11-28,0,0,32.7,166,0,32,265
2017-11-29,0,0,29.4,174,0,35,271
2017-11-30,0,0,29.9,202,0,44,377
2017-12-01,0,0,21.5,300,1,68,461
2017-12-02,0,1,31.5,244,0,44,378
2017-12-03,0,1,23.6,266,0,50,495
2017-12-04,0,0,36.0,141,0,26,241
2017-12-05,0,0,25.8,169,0,33,265
2017-12-06,0,0,23.8,152,0,33,286
2017-12-07,0,0,27.9,191,0,40,328
2017-12-08,0,0,33.0,140,0,28,241
2017-12-09,0,1,27.6,277,0,59,487
2017-12-10,0,1,29.2,267,0,50,515
2017-12-11,0,0,34.5,203,0,40,386
2017-12-12,0,0,31.4,157,0,27,302
2017-12-13,0,0,35.4,210,0,43,383
2017-12-14,0,0,35.9,159,0,35,285
2017-12-15,0,0,30.4,191,0,33,331
2017-12-16,0,1,23.8,231,0,43,440
2017-12-17,0,1,30.8,280,0,56,432
2017-12-18,0,0,34.5,211,0,42,353
2017-12-19,0,0,25.0,185,0,41,335
2017-12-20,0,0,26.6,155,0,32,253
2017-12-21,0,0,33.3,203,0,36,334
2017-12-22,0,0,22.1,195,0,37,364
2017-12-23,0,1,23.7,283,0,60,473
2017-12-24,1,1,27.9,350,0,77,529
2017-12-25,1,0,24.3,313,0,72,551
2017-12-26,0,0,33.4,160,0,28,267
2017-12-27,0,0,22.9,185,0,34,282
2017-12-28,0,0,23.2,156,0,33,295
2017-12-29,0,0,28.7,146,0,32,246
2017-12-30,0,1,33.1,269,0,59,498
2017-12-31,1,1,32.6,380,0,80,715
2018-01-01,1,0,23.2,304,0,66,467
2018-01-02,0,0,28.0,142,0,23,268
2018-01-03,0,0,20.6,157,0,31,275
2018-01-04,0,0,29.2,189,0,43,342
2018-01-05,0,0,20.2,156,0,30,310
2018-01-06,0,1,19.2,294,0,60,484
2018-01-07,0,1,32.6,296,0,56,515
2018-01-08,0,0,18.8,140,0,32,233
2018-01-09,0,0,27.9,177,0,31,295
2018-01-10,0,0,27.9,142,0,24,216
2018-01-11,0,0,21.4,269,1,63,510
2018-01-12,0,0,21.9,147,0,30,226
2018-01-13,0,1,34.6,243,0,54,452
2018-01-14,0,1,23.0,257,0,50,415
2018-01-15,0,0,18.2,173,0,40,340
2018-01-16,0,0,26.2,153,0,28,283
2018-01-17,0,0,20.3,214,0,47,345
2018-01-18,0,0,24.3,197,0,39,348
2018-01-19,0,0,20.4,171,0,34,277
2018-01-20,0,1,30.2,272,0,57,532
2018-01-21,0,1,32.9,307,0,58,587
2018-01-22,0,0,21.3,219,0,43,346
2018-01-23,0,0,26.8,194,0,38,376
2018-01-24,0,0,19.1,149,0,30,271
2018-01-25,0,0,26.4,140,0,25,248
2018-01-26,0,0,31.8,159,0,27,266
2018-01-27,0,1,27.5,231,0,44,453
2018-01-28,0,1,24.9,238,0,47,364
2018-01-29,0,0,18.1,141,0,28,268
2018-01-30,0,0,30.5,196,0,38,343
2018-01-31,0,0,19.2,213,0,39,404
2018-02-01,0,0,26.3,202,0,35,373
2018-02-02,0,0,25.8,209,0,38,402
2018-02-03,0,1,24.1,266,0,53,457
2018-02-04,0,1,29.0,276,0,60,422
2018-02-05,0,0,30.6,162,0,36,251
2018-02-06,0,0,33.2,179,0,32,298
2018-02-07,0,0,27.9,300,1,65,516
2018-02-08,0,0,22.8,148,0,30,241
2018-02-09,0,0,30.5,153,0,32,279
2018-02-10,0,1,30.8,283,0,56,500
2018-02-11,0,1,21.8,280,0,52,521
2018-02-12,0,0,33.3,176,0,39,320
2018-02-13,0,0,33.9,205,0,36,318
2018-02-14,1,0,26.3,261,0,55,405
2018-02-15,0,0,30.3,150,0,26,274
2018-02-16,0,0,24.5,167,0,36,266
2018-02-17,0,1,33.1,299,0,64,493
2018-02-18,0,1,24.6,287,0,62,434
2018-02-19,0,0,31.8,189,0,33,366
2018-02-20,0,0,20.3,185,0,35,302
2018-02-21,0,0,25.1,248,1,50,399
2018-02-22,0,0,20.3,200,0,43,311
2018-02-23,0,0,25.5,187,0,42,300
2018-02-24,0,1,35.1,277,0,51,445
2018-02-25,0,1,24.6,259,0,56,431
2018-02-26,0,0,32.5,217,0,39,406
2018-02-27,0,0,22.0,220,0,46,438
2018-02-28,0,0,23.4,169,0,32,337
2018-03-01,0,0,18.2,168,0,33,276
2018-03-02,0,0,25.4,156,0,33,248
2018-03-03,0,1,18.7,279,0,52,456
2018-03-04,0,1,26.8,241,0,44,397
2018-03-05,0,0,28.4,220,0,40,336
2018-03-06,0,0,33.5,213,0,43,383
2018-03-07,0,0,21.0,253,1,55,454
2018-03-08,0,0,24.0,225,1,48,413
2018-03-09,0,0,33.5,150,0,31,227
2018-03-10,0,1,25.8,276,0,53,524
2018-03-11,0,1,18.4,314,1,65,519
2018-03-12,0,0,26.7,190,0,33,341
2018-03-13,0,0,31.5,242,1,57,447
2018-03-14,0,0,25.6,175,0,37,333
2018-03-15,0,0,21.0,206,0,44,400
2018-03-16,0,0,25.5,159,0,35,291
2018-03-17,0,1,24.4,255,0,46,461
2018-03-18,0,1,26.9,315,1,67,559
2018-03-19,0,0,29.0,180,0,36,299
2018-03-20,0,0,31.8,150,0,32,298
2018-03-21,0,0,34.5,153,0,26,234
2018-03-22,0,0,18.5,170,0,36,291
2018-03-23,0,0,22.2,214,0,47,380
2018-03-24,0,1,34.6,290,0,61,530
2018-03-25,0,1,35.3,290,0,53,459
2018-03-26,0,0,25.1,155,0,29,235
2018-03-27,0,0,26.4,158,0,35,257
2018-03-28,0,0,34.0,148,0,35,276
2018-03-29,0,0,21.3,264,1,52,425
2018-03-30,0,0,20.6,209,0,46,413
2018-03-31,0,1,27.5,291,0,55,539
2018-04-01,0,1,32.3,272,0,58,443
2018-04-02,0,0,22.5,210,0,45,343
2018-04-03,0,0,20.3,159,0,36,313
2018-04-04,0,0,20.7,197,0,39,318
2018-04-05,0,0,33.9,275,1,55,486
2018-04-06,0,0,28.9,203,0,42,394
2018-04-07,0,1,23.0,236,0,43,417
2018-04-08,0,1,34.4,302,0,60,527
2018-04-09,0,0,34.5,196,0,41,323
2018-04-10,0,0,33.2,154,0,36,236
2018-04-11,0,0,22.7,150,0,30,227
2018-04-12,0,0,24.4,205,0,40,343
2018-04-13,0,0,23.1,210,0,47,332
2018-04-14,0,1,21.7,300,0,58,560
2018-04-15,0,1,26.0,274,0,52,530
2018-04-16,0,0,27.4,197,0,36,298
2018-04-17,0,0,34.0,275,1,62,437
2018-04-18,0,0,33.5,177,0,35,325
2018-04-19,0,0,20.8,220,1,48,413
2018-04-20,0,0,29.1,187,0,39,346
2018-04-21,0,1,27.9,250,0,55,404
2018-04-22,0,1,29.5,247,0,48,376
2018-04-23,0,0,28.3,210,0,40,374
2018-04-24,0,0,24.5,193,0,38,341
2018-04-25,0,0,22.4,143,0,31,231
2018-04-26,0,0,21.8,180,0,40,291
2018-04-27,0,0,18.6,212,0,45,394
2018-04-28,0,1,34.6,249,0,54,473
2018-04-29,0,1,33.5,321,1,67,611
2018-04-30,0,0,26.1,164,0,29,276
2018-05-01,0,0,28.7,170,0,34,277
2018-05-02,0,0,24.0,157,0,30,240
2018-05-03,0,0,28.0,198,0,35,378
2018-05-04,0,0,18.9,186,0,41,309
2018-05-05,0,1,31.2,246,0,53,438
2018-05-06,0,1,18.5,254,0,51,454
2018-05-07,0,0,33.0,145,0,31,251
2018-05-08,0,0,22.0,196,0,44,325
2018-05-09,0,0,19.4,278,1,60,442
2018-05-10,0,0,34.3,205,0,39,349
2018-05-11,0,0,30.4,203,0,38,325
2018-05-12,0,1,26.9,262,0,49,500
2018-05-13,0,1,33.7,364,1,72,664
2018-05-14,0,0,29.6,154,0,31,247
2018-05-15,0,0,33.6,151,0,33,300
2018-05-16,0,0,29.1,200,0,42,354
2018-05-17,0,0,31.4,161,0,34,305
2018-05-18,0,0,31.8,177,0,31,301
2018-05-19,0,1,25.4,273,0,52,475
2018-05-20,0,1,19.0,272,0,55,526
2018-05-21,0,0,35.3,148,0,28,280
2018-05-22,0,0,28.9,194,0,43,336
2018-05-23,0,0,24.7,179,0,35,276
2018-05-24,0,0,28.7,204,0,36,315
2018-05-25,0,0,24.7,169,0,38,320
2018-05-26,0,1,21.5,308,0,65,553
2018-05-27,0,1,35.6,347,1,75,684
2018-05-28,0,0,29.8,278,1,64,474
2018-05-29,0,0,29.3,226,1,46,374
2018-05-30,0,0,22.8,195,0,44,360
2018-05-31,0,0,18.1,175,0,37,315
2018-06-01,0,0,22.1,221,1,46,404
2018-06-02,0,1,19.7,261,0,54,484
2018-06-03,0,1,21.8,252,0,54,471
2018-06-04,0,0,27.9,185,0,36,294
2018-06-05,0,0,28.5,157,0,26,241
2018-06-06,0,0,29.9,140,0,24,267
2018-06-07,0,0,23.0,289,1,58,552
2018-06-08,0,0,25.8,173,0,30,269
2018-06-09,0,1,19.9,336,1,70,603
2018-06-10,0,1,28.5,261,0,53,520
2018-06-11,0,0,29.6,152,0,34,231
2018-06-12,0,0,26.4,212,0,41,361
2018-06-13,0,0,34.3,185,0,34,342
2018-06-14,0,0,23.6,181,0,32,343
2018-06-15,0,0,33.1,194,0,41,335
2018-06-16,0,1,22.3,269,0,55,481
2018-06-17,0,1,20.6,252,0,46,416
2018-06-18,0,0,33.9,150,0,28,255
2018-06-19,0,0,23.6,205,0,45,373
2018-06-20,0,0,27.4,179,0,41,295
2018-06-21,0,0,24.8,171,0,30,333
2018-06-22,0,0,34.9,159,0,33,266
2018-06-23,0,1,23.5,308,0,62,550
2018-06-24,0,1,18.5,302,0,56,459
2018-06-25,0,0,34.7,147,0,28,286
2018-06-26,0,0,29.8,180,0,40,302
2018-06-27,0,0,23.4,176,0,32,345
2018-06-28,0,0,25.1,220,1,44,377
2018-06-29,0,0,33.9,200,0,39,339
2018-06-30,0,1,32.1,253,0,47,419
2018-07-01,0,1,31.8,309,0,66,574
2018-07-02,0,0,30.2,183,0,32,317
2018-07-03,0,0,21.8,234,1,52,354
2018-07-04,1,0,29.5,276,0,61,433
2018-07-05,0,0,20.6,197,0,37,385
2018-07-06,0,0,27.9,143,0,26,247
2018-07-07,0,1,29.0,267,0,52,463
2018-07-08,0,1,30.4,284,0,52,533
2018-07-09,0,0,28.4,218,0,49,346
2018-07-10,0,0,18.2,167,0,34,310
2018-07-11,0,0,19.1,200,0,40,327
2018-07-12,0,0,32.6,195,0,43,294
2018-07-13,0,0,22.7,268,1,58,531
2018-07-14,0,1,30.2,325,1,70,494
2018-07-15,0,1,26.7,245,0,46,452
2018-07-16,0,0,25.6,176,0,37,349
2018-07-17,0,0,33.5,175,0,33,344
2018-07-18,0,0,32.5,161,0,34,278
2018-07-19,0,0,29.9,157,0,35,276
2018-07-20,0,0,21.6,214,0,40,367
2018-07-21,0,1,31.6,254,0,49,443
2018-07-22,0,1,33.4,250,0,53,438
2018-07-23,0,0,33.2,202,0,41,334
2018-07-24,0,0,34.8,211,0,47,400
2018-07-25,0,0,31.7,210,0,40,373
2018-07-26,0,0,26.0,171,0,34,336
2018-07-27,0,0,30.7,143,0,29,230
2018-07-28,0,1,26.7,276,0,57,531
2018-07-29,0,1,32.0,288,0,53,550
2018-07-30,0,0,32.7,202,0,36,392
2018-07-31,0,0,32.7,143,0,25,243
2018-08-01,0,0,33.4,256,1,53,494
2018-08-02,0,0,27.3,209,0,38,341
2018-08-03,0,0,23.4,196,0,38,345
2018-08-04,0,1,18.8,265,0,56,425
2018-08-05,0,1,23.2,279,0,51,495
2018-08-06,0,0,29.9,181,0,41,331
2018-08-07,0,0,31.7,157,0,28,245
2018-08-08,0,0,32.9,169,0,32,277
2018-08-09,0,0,35.0,211,0,44,348
2018-08-10,0,0,19.9,203,0,46,364
2018-08-11,0,1,22.1,278,0,51,489
2018-08-12,0,1,34.7,231,0,51,444
2018-08-13,0,0,21.1,212,0,46,415
2018-08-14,0,0,20.1,200,0,35,301
2018-08-15,0,0,32.5,299,1,62,541
2018-08-16,0,0,33.2,167,0,30,320
2018-08-17,0,0,27.0,220,0,43,438
2018-08-18,0,1,34.0,257,0,47,486
2018-08-19,0,1,32.6,297,0,64,576
2018-08-20,0,0,27.3,164,0,30,299
2018-08-21,0,0,33.5,186,0,35,352
2018-08-22,0,0,23.8,144,0,29,262
2018-08-23,0,0,29.2,166,0,34,312
2018-08-24,0,0,33.9,159,0,34,261
2018-08-25,0,1,21.0,285,0,53,529
2018-08-26,0,1,30.0,250,0,53,454
2018-08-27,0,0,19.4,155,0,28,251
2018-08-28,0,0,30.4,183,0,32,355
2018-08-29,0,0,34.5,216,0,38,340
2018-08-30,0,0,32.2,191,0,43,359
2018-08-31,0,0,26.1,196,0,38,347
2018-09-01,0,1,28.0,257,0,48,409
2018-09-02,0,1,19.9,238,0,52,380
2018-09-03,0,0,30.8,197,0,44,382
2018-09-04,0,0,22.6,146,0,32,234
2018-09-05,0,0,33.9,235,1,55,452
2018-09-06,0,0,22.4,167,0,30,321
2018-09-07,0,0,24.0,283,1,61,431
2018-09-08,0,1,19.7,293,0,62,494
2018-09-09,0,1,24.1,241,0,43,422
2018-09-10,0,0,34.7,153,0,27,305
2018-09-11,0,0,25.5,140,0,25,278
2018-09-12,0,0,24.6,175,0,40,322
2018-09-13,0,0,19.7,155,0,32,267
2018-09-14,0,0,30.4,205,0,41,377
2018-09-15,0,1,33.5,244,0,46,487
2018-09-16,0,1,20.3,304,0,61,476
2018-09-17,0,0,18.9,159,0,31,254
2018-09-18,0,0,26.9,201,0,41,400
2018-09-19,0,0,33.2,201,0,40,324
2018-09-20,0,0,32.1,201,0,44,337
2018-09-21,0,0,18.2,167,0,31,322
2018-09-22,0,1,20.2,240,0,43,440
2018-09-23,0,1,26.0,249,0,47,451
2018-09-24,0,0,21.2,144,0,26,224
2018-09-25,0,0,24.1,174,0,34,294
2018-09-26,0,0,22.3,142,0,24,236
2018-09-27,0,0,28.0,206,0,46,409
2018-09-28,0,0,22.0,272,1,57,471
2018-09-29,0,1,30.6,301,0,59,499
2018-09-30,0,1,31.7,292,0,54,532
2018-10-01,0,0,35.1,175,0,36,334
2018-10-02,0,0,30.3,193,0,37,305
2018-10-03,0,0,31.7,179,0,35,284
2018-10-04,0,0,21.9,194,0,42,297
2018-10-05,0,0,18.1,194,0,34,330
2018-10-06,0,1,18.0,252,0,51,434
2018-10-07,0,1,34.6,251,0,48,411
2018-10-08,0,0,28.4,186,0,42,326
2018-10-09,0,0,28.5,172,0,35,286
2018-10-10,0,0,18.7,149,0,30,252
2018-10-11,0,0,30.3,166,0,30,329
2018-10-12,0,0,25.5,177,0,38,320
2018-10-13,0,1,29.4,272,0,53,464
2018-10-14,0,1,22.3,310,0,66,506
2018-10-15,0,0,23.6,164,0,36,289
2018-10-16,0,0,26.6,292,1,60,455
2018-10-17,0,0,21.3,209,0,38,317
2018-10-18,0,0,36.0,183,0,35,353
2018-10-19,0,0,25.7,175,0,40,323
2018-10-20,0,1,18.6,289,0,54,564
2018-10-21,0,1,18.4,274,0,56,539
2018-10-22,0,0,22.8,202,0,41,319
2018-10-23,0,0,18.4,240,1,53,463
2018-10-24,0,0,28.3,143,0,26,262
2018-10-25,0,0,35.1,163,0,30,303
2018-10-26,0,0,20.9,214,0,40,399
2018-10-27,0,1,21.9,307,0,58,588
2018-10-28,0,1,29.1,274,0,52,533
2018-10-29,0,0,20.1,208,0,40,409
2018-10-30,0,0,23.9,143,0,24,220
2018-10-31,1,0,27.0,270,0,64,443
2018-11-01,0,0,30.6,219,0,47,364
2018-11-02,0,0,35.2,171,0,31,317
2018-11-03,0,1,25.6,275,0,54,427
2018-11-04,0,1,33.9,242,0,50,366
2018-11-05,0,0,27.0,213,0,47,368
2018-11-06,0,0,33.0,196,0,35,310
2018-11-07,0,0,35.1,197,0,44,344
2018-11-08,0,0,21.2,253,1,55,500
2018-11-09,0,0,29.9,172,0,29,335
2018-11-10,0,1,29.8,292,0,57,440
2018-11-11,0,1,25.8,312,1,66,591
2018-11-12,0,0,20.9,207,0,37,367
2018-11-13,0,0,35.3,167,0,29,295
2018-11-14,0,0,18.4,219,0,48,389
2018-11-15,0,0,25.2,208,0,42,369
2018-11-16,0,0,25.7,191,0,35,349
2018-11-17,0,1,19.5,239,0,52,406
2018-11-18,0,1,34.2,247,0,51,491
2018-11-19,0,0,34.7,208,0,38,401
2018-11-20,0,0,27.1,207,0,43,316
2018-11-21,0,0,35.0,182,0,38,354
2018-11-22,0,0,30.2,211,0,44,374
2018-11-23,0,0,29.1,166,0,30,266
2018-11-24,0,1,26.1,292,0,61,443
2018-11-25,1,1,23.5,366,0,74,584
2018-11-26,0,0,32.8,220,0,39,356
2018-11-27,0,0,26.2,159,0,33,292
2018-11-28,0,0,22.8,220,0,47,389
2018-11-29,0,0,33.9,141,0,31,247
2018-11-30,0,0,32.7,143,0,24,219
2018-12-01,0,1,25.5,270,0,58,479
2018-12-02,0,1,18.4,270,0,52,406
2018-12-03,0,0,27.0,195,0,43,334
2018-12-04,0,0,31.0,160,0,32,317
2018-12-05,0,0,33.8,142,0,25,226
2018-12-06,0,0,26.4,194,0,43,340
2018-12-07,0,0,21.9,169,0,35,269
2018-12-08,0,1,28.2,291,0,54,528
2018-12-09,0,1,35.3,259,0,52,416
2018-12-10,0,0,34.1,166,0,29,257
2018-12-11,0,0,25.0,177,0,37,299
2018-12-12,0,0,29.1,220,0,46,403
2018-12-13,0,0,35.5,165,0,34,297
2018-12-14,0,0,34.7,215,0,38,365
2018-12-15,0,1,28.4,260,0,57,395
2018-12-16,0,1,27.6,310,1,65,599
2018-12-17,0,0,34.9,144,0,26,278
2018-12-18,0,0,34.9,222,1,45,375
2018-12-19,0,0,22.0,148,0,30,249
2018-12-20,0,0,27.2,219,0,49,330
2018-12-21,0,0,28.1,182,0,37,340
2018-12-22,0,1,34.3,259,0,56,393
2018-12-23,0,1,31.7,306,0,63,477
2018-12-24,1,0,35.2,306,0,62,553
2018-12-25,1,0,34.5,299,0,67,456
2018-12-26,0,0,27.6,175,0,39,298
2018-12-27,0,0,28.3,162,0,32,256
2018-12-28,0,0,24.3,161,0,32,271
2018-12-29,0,1,32.1,295,0,64,476
2018-12-30,0,1,31.4,234,0,50,467
2018-12-31,1,0,18.9,282,0,59,459
2019-01-01,1,0,35.1,317,0,65,535
2019-01-02,0,0,34.6,173,0,34,273
2019-01-03,0,0,25.3,201,0,39,397
2019-01-04,0,0,24.4,200,0,37,347
2019-01-05,0,1,20.3,249,0,46,405
2019-01-06,0,1,24.0,251,0,55,427
2019-01-07,0,0,35.0,158,0,30,284
2019-01-08,0,0,33.6,161,0,37,248
2019-01-09,0,0,35.2,160,0,31,305
2019-01-10,0,0,27.2,180,0,38,314
2019-01-11,0,0,28.7,253,1,53,470
2019-01-12,0,1,26.8,305,0,65,520
2019-01-13,0,1,29.6,277,0,50,510
2019-01-14,0,0,25.9,256,1,53,420
2019-01-15,0,0,35.5,151,0,27,241
2019-01-16,0,0,28.4,170,0,34,293
2019-01-17,0,0,32.3,210,0,46,387
2019-01-18,0,0,19.4,156,0,27,251
2019-01-19,0,1,30.0,349,1,73,587
2019-01-20,0,1,23.7,247,0,46,405
2019-01-21,0,0,22.6,185,0,41,307
2019-01-22,0,0,24.4,190,0,40,369
2019-01-23,0,0,24.1,143,0,32,242
2019-01-24,0,0,22.7,165,0,36,290
2019-01-25,0,0,23.6,144,0,32,235
2019-01-26,0,1,22.4,299,0,60,577
2019-01-27,0,1,27.3,299,0,60,452
2019-01-28,0,0,31.9,151,0,34,266
2019-01-29,0,0,22.2,190,0,40,324
2019-01-30,0,0,21.7,194,0,34,346
2019-01-31,0,0,26.6,152,0,30,301
2019-02-01,0,0,21.0,202,0,38,337
2019-02-02,0,1,19.0,266,0,55,530
2019-02-03,0,1,32.2,230,0,44,449
2019-02-04,0,0,35.7,147,0,27,279
2019-02-05,0,0,31.5,142,0,23,220
2019-02-06,0,0,29.6,214,0,47,413
2019-02-07,0,0,26.2,188,0,35,334
2019-02-08,0,0,34.7,189,0,38,339
2019-02-09,0,1,27.8,307,0,56,535
2019-02-10,0,1,21.2,292,0,58,535
2019-02-11,0,0,28.9,244,1,54,420
2019-02-12,0,0,23.6,171,0,32,271
2019-02-13,0,0,33.1,160,0,31,283
2019-02-14,1,0,29.7,331,0,69,561
2019-02-15,0,0,24.1,198,0,35,371
2019-02-16,0,1,32.6,335,1,73,550
2019-02-17,0,1,31.0,275,0,60,469
2019-02-18,0,0,34.5,202,0,45,393
2019-02-19,0,0,18.3,287,1,58,516
2019-02-20,0,0,19.4,206,0,42,323
2019-02-21,0,0,36.0,171,0,36,280
2019-02-22,0,0,34.3,146,0,24,257
2019-02-23,0,1,33.6,290,0,60,441
2019-02-24,0,1,19.2,232,0,41,450
2019-02-25,0,0,30.9,143,0,34,217
2019-02-26,0,0,31.2,213,0,45,417
2019-02-27,0,0,25.7,166,0,31,298
2019-02-28,0,0,28.7,168,0,33,264
2019-03-01,0,0,32.0,151,0,30,279
2019-03-02,0,1,20.8,322,1,67,507
2019-03-03,0,1,23.8,270,0,51,475
2019-03-04,0,0,21.5,183,0,33,340
2019-03-05,0,0,29.0,160,0,37,311
2019-03-06,0,0,20.3,176,0,33,278
2019-03-07,0,0,23.2,156,0,27,257
2019-03-08,0,0,20.4,141,0,25,242
2019-03-09,0,1,34.7,296,0,59,503
2019-03-10,0,1,29.8,285,0,59,499
2019-03-11,0,0,34.8,169,0,32,333
2019-03-12,0,0,27.7,164,0,34,290
2019-03-13,0,0,34.6,256,1,59,447
2019-03-14,0,0,26.3,165,0,35,296
2019-03-15,0,0,25.3,185,0,40,349
2019-03-16,0,1,28.4,257,0,50,409
2019-03-17,0,1,34.9,298,0,65,477
2019-03-18,0,0,26.5,211,0,47,382
2019-03-19,0,0,33.1,173,0,40,300
2019-03-20,0,0,24.1,147,0,26,244
2019-03-21,0,0,32.9,203,0,39,339
2019-03-22,0,0,19.6,219,0,45,383
2019-03-23,0,1,20.3,303,0,59,493
2019-03-24,0,1,25.2,276,0,52,480
2019-03-25,0,0,25.4,152,0,26,292
2019-03-26,0,0,31.0,171,0,30,319
2019-03-27,0,0,19.0,202,0,35,350
2019-03-28,0,0,26.3,198,0,44,353
2019-03-29,0,0,32.7,203,0,46,401
2019-03-30,0,1,22.7,275,0,60,479
2019-03-31,0,1,24.4,299,0,64,558
2019-04-01,0,0,25.5,196,0,42,307
2019-04-02,0,0,24.5,206,0,40,397
2019-04-03,0,0,26.1,174,0,37,333
2019-04-04,0,0,28.1,180,0,35,321
2019-04-05,0,0,26.3,188,0,36,348
2019-04-06,0,1,24.3,297,0,59,577
2019-04-07,0,1,24.3,285,0,53,437
2019-04-08,0,0,20.7,232,1,51,419
2019-04-09,0,0,23.2,192,0,37,352
2019-04-10,0,0,31.1,161,0,29,293
2019-04-11,0,0,23.7,201,0,37,359
2019-04-12,0,0,24.0,151,0,34,283
2019-04-13,0,1,29.9,261,0,56,497
2019-04-14,0,1,19.6,288,0,55,453
2019-04-15,0,0,18.0,200,0,41,354
2019-04-16,0,0,18.9,190,0,39,288
2019-04-17,0,0,18.5,218,0,45,420
2019-04-18,0,0,27.1,219,0,48,410
2019-04-19,0,0,34.4,153,0,34,290
2019-04-20,0,1,34.4,276,0,55,460
2019-04-21,0,1,20.7,248,0,53,413
2019-04-22,0,0,20.1,211,0,45,375
2019-04-23,0,0,22.0,200,0,42,324
2019-04-24,0,0,20.1,143,0,34,270
2019-04-25,0,0,26.2,187,0,42,327
2019-04-26,0,0,31.8,152,0,32,248
2019-04-27,0,1,35.5,273,0,50,503
2019-04-28,0,1,18.6,310,0,59,605
2019-04-29,0,0,23.1,158,0,37,253
2019-04-30,0,0,31.5,212,0,46,332
2019-05-01,0,0,34.5,204,0,42,373
2019-05-02,0,0,30.5,218,0,41,329
2019-05-03,0,0,27.6,192,0,38,363
2019-05-04,0,1,23.6,305,0,63,599
2019-05-05,0,1,29.3,247,0,46,482
2019-05-06,0,0,19.3,219,0,49,428
2019-05-07,0,0,34.1,216,0,46,399
2019-05-08,0,0,32.9,169,0,29,266
2019-05-09,0,0,18.7,185,0,34,303
2019-05-10,0,0,29.9,212,0,43,395
2019-05-11,0,1,34.7,251,0,54,384
2019-05-12,0,1,28.8,235,0,52,430
2019-05-13,0,0,29.2,148,0,32,264
2019-05-14,0,0,34.3,214,0,41,382
2019-05-15,0,0,18.4,217,0,45,377
2019-05-16,0,0,26.3,218,0,43,422
2019-05-17,0,0,21.7,162,0,29,311
2019-05-18,0,1,31.6,289,0,55,529
2019-05-19,0,1,31.4,340,1,72,622
2019-05-20,0,0,30.4,152,0,27,246
2019-05-21,0,0,19.4,170,0,30,314
2019-05-22,0,0,35.8,213,0,42,336
2019-05-23,0,0,18.5,146,0,34,232
2019-05-24,0,0,22.4,194,0,38,301
2019-05-25,0,1,31.8,250,0,54,489
2019-05-26,0,1,26.2,288,0,53,523
2019-05-27,0,0,25.9,179,0,32,353
2019-05-28,0,0,31.7,288,1,58,461
2019-05-29,0,0,20.2,207,0,41,394
2019-05-30,0,0,22.9,168,0,33,313
2019-05-31,0,0,30.5,175,0,32,274
2019-06-01,0,1,19.8,293,0,57,552
2019-06-02,0,1,30.5,241,0,43,442
2019-06-03,0,0,29.7,155,0,30,241
2019-06-04,0,0,23.8,217,0,43,405
2019-06-05,0,0,19.3,186,0,37,360
2019-06-06,0,0,22.5,157,0,33,300
2019-06-07,0,0,33.8,199,0,45,336
2019-06-08,0,1,21.1,308,0,62,556
2019-06-09,0,1,31.1,248,0,52,441
2019-06-10,0,0,20.6,220,0,46,403
2019-06-11,0,0,29.9,142,0,31,235
2019-06-12,0,0,31.5,207,0,36,335
2019-06-13,0,0,32.4,300,1,63,581
2019-06-14,0,0,30.2,194,0,38,376
2019-06-15,0,1,29.8,308,0,65,497
2019-06-16,0,1,18.1,284,0,59,559
2019-06-17,0,0,21.0,155,0,32,257
2019-06-18,0,0,32.8,298,1,69,462
2019-06-19,0,0,21.9,144,0,29,273
2019-06-20,0,0,25.2,167,0,29,257
2019-06-21,0,0,32.1,205,0,42,387
2019-06-22,0,1,34.0,344,1,76,681
2019-06-23,0,1,18.5,385,1,79,664
2019-06-24,0,0,28.8,163,0,29,268
2019-06-25,0,0,20.2,146,0,24,260
2019-06-26,0,0,22.1,220,0,42,406
2019-06-27,0,0,25.7,196,0,38,385
2019-06-28,0,0,32.9,146,0,34,270
2019-06-29,0,1,35.0,291,0,56,510
2019-06-30,0,1,18.7,384,1,82,657
2019-07-01,0,0,26.0,267,1,56,413
2019-07-02,0,0,23.7,156,0,34,285
2019-07-03,0,0,21.4,219,0,46,367
2019-07-04,1,0,27.9,331,0,68,515
2019-07-05,0,0,22.4,190,0,35,330
2019-07-06,0,1,23.4,305,0,61,557
2019-07-07,0,1,27.4,238,0,51,430
2019-07-08,0,0,35.7,183,0,39,323
2019-07-09,0,0,33.7,180,0,32,315
2019-07-10,0,0,29.9,189,0,40,364
2019-07-11,0,0,35.9,160,0,36,299
2019-07-12,0,0,31.9,146,0,27,281
2019-07-13,0,1,22.0,295,0,60,498
2019-07-14,0,1,19.9,252,0,48,386
2019-07-15,0,0,34.8,166,0,31,264
2019-07-16,0,0,19.8,151,0,31,259
2019-07-17,0,0,21.3,208,0,46,344
2019-07-18,0,0,22.3,154,0,32,304
2019-07-19,0,0,23.7,220,0,39,334
2019-07-20,0,1,27.3,244,0,47,458
2019-07-21,0,1,27.8,245,0,53,489
2019-07-22,0,0,26.8,173,0,31,280
2019-07-23,0,0,35.8,182,0,40,306
2019-07-24,0,0,21.4,212,0,40,374
2019-07-25,0,0,25.9,184,0,34,290
2019-07-26,0,0,21.5,207,0,40,396
2019-07-27,0,1,23.7,275,0,58,449
2019-07-28,0,1,21.3,278,0,52,446
2019-07-29,0,0,29.1,209,0,41,374
2019-07-30,0,0,24.1,155,0,27,307
2019-07-31,0,0,34.7,187,0,39,350
2019-08-01,0,0,29.9,199,0,40,351
2019-08-02,0,0,26.8,236,1,48,453
2019-08-03,0,1,34.1,304,0,62,539
2019-08-04,0,1,28.5,236,0,45,391
2019-08-05,0,0,23.1,153,0,30,262
2019-08-06,0,0,31.9,185,0,41,343
2019-08-07,0,0,30.5,166,0,33,286
2019-08-08,0,0,33.5,197,0,42,314
2019-08-09,0,0,34.5,153,0,31,302
2019-08-10,0,1,32.5,250,0,47,405
2019-08-11,0,1,27.3,296,0,54,452
2019-08-12,0,0,29.7,191,0,38,312
2019-08-13,0,0,28.1,194,0,41,317
2019-08-14,0,0,29.6,177,0,35,298
2019-08-15,0,0,26.1,157,0,30,293
2019-08-16,0,0,35.8,192,0,39,299
2019-08-17,0,1,29.7,232,0,51,449
2019-08-18,0,1,19.2,272,0,53,418
2019-08-19,0,0,28.1,216,0,44,389
2019-08-20,0,0,31.1,148,0,35,271
2019-08-21,0,0,30.5,216,0,38,332
2019-08-22,0,0,34.7,151,0,28,253
2019-08-23,0,0,20.6,182,0,39,279
2019-08-24,0,1,24.7,280,0,61,434
2019-08-25,0,1,29.0,272,0,56,542
2019-08-26,0,0,33.8,219,0,46,376
2019-08-27,0,0,18.1,163,0,30,247
2019-08-28,0,0,28.8,153,0,34,300
2019-08-29,0,0,34.9,217,0,44,388
2019-08-30,0,0,32.4,142,0,27,272
2019-08-31,0,1,19.4,251,0,48,498
2019-09-01,0,1,23.8,285,0,62,506
2019-09-02,0,0,18.5,203,0,43,390
2019-09-03,0,0,34.8,208,0,43,407
2019-09-04,0,0,27.7,271,1,58,506
2019-09-05,0,0,29.5,196,0,38,367
2019-09-06,0,0,25.2,154,0,30,249
2019-09-07,0,1,31.5,285,0,56,453
2019-09-08,0,1,22.2,299,0,61,568
2019-09-09,0,0,23.2,236,1,47,359
2019-09-10,0,0,21.5,182,0,41,361
2019-09-11,0,0,32.0,180,0,40,325
2019-09-12,0,0,33.8,259,1,61,457
2019-09-13,0,0,21.7,159,0,30,258
2019-09-14,0,1,32.7,233,0,47,423
2019-09-15,0,1,33.4,272,0,59,449
2019-09-16,0,0,19.7,198,0,41,356
2019-09-17,0,0,20.7,197,0,35,346
2019-09-18,0,0,27.8,154,0,26,299
2019-09-19,0,0,33.6,214,0,45,341
2019-09-20,0,0,22.8,207,0,41,356
2019-09-21,0,1,35.3,300,0,60,462
2019-09-22,0,1,30.9,240,0,51,473
2019-09-23,0,0,27.9,245,1,53,481
2019-09-24,0,0,18.2,146,0,24,248
2019-09-25,0,0,21.0,212,0,41,418
2019-09-26,0,0,34.6,152,0,28,287
2019-09-27,0,0,29.9,196,0,34,377
2019-09-28,0,1,31.5,236,0,51,365
2019-09-29,0,1,33.8,275,0,56,532
2019-09-30,0,0,21.1,181,0,36,336
2019-10-01,0,0,24.0,191,0,42,318
2019-10-02,0,0,35.9,212,0,37,370
2019-10-03,0,0,25.7,185,0,36,338
2019-10-04,0,0,26.5,212,0,45,358
2019-10-05,0,1,21.2,236,0,52,438
2019-10-06,0,1,21.6,253,0,50,466
2019-10-07,0,0,29.0,208,0,41,361
2019-10-08,0,0,19.7,147,0,24,261
2019-10-09,0,0,27.0,140,0,25,271
2019-10-10,0,0,27.0,181,0,40,322
2019-10-11,0,0,30.4,140,0,31,261
2019-10-12,0,1,25.1,259,0,56,428
2019-10-13,0,1,21.5,301,0,62,457
2019-10-14,0,0,26.0,166,0,37,331
2019-10-15,0,0,34.0,201,0,36,335
2019-10-16,0,0,26.4,218,0,45,380
2019-10-17,0,0,35.9,212,0,43,334
2019-10-18,0,0,26.0,202,0,39,357
2019-10-19,0,1,33.8,245,0,53,412
2019-10-20,0,1,24.7,275,0,50,500
2019-10-21,0,0,31.0,166,0,30,280
2019-10-22,0,0,29.8,163,0,37,297
2019-10-23,0,0,32.9,189,0,33,319
2019-10-24,0,0,24.5,203,0,46,392
2019-10-25,0,0,34.8,161,0,30,288
2019-10-26,0,1,31.3,298,0,59,468
2019-10-27,0,1,30.7,234,0,49,456
2019-10-28,0,0,19.7,279,1,60,526
2019-10-29,0,0,27.6,153,0,32,245
2019-10-30,0,0,27.8,218,0,45,390
2019-10-31,1,0,30.3,285,0,63,430
2019-11-01,0,0,34.2,237,1,50,450
2019-11-02,0,1,31.7,265,0,50,485
2019-11-03,0,1,32.9,231,0,47,407
2019-11-04,0,0,18.7,140,0,31,274
2019-11-05,0,0,33.2,202,0,42,397
2019-11-06,0,0,31.6,201,0,38,340
2019-11-07,0,0,30.2,189,0,33,317
2019-11-08,0,0,26.8,154,0,33,293
2019-11-09,0,1,24.8,246,0,48,408
2019-11-10,0,1,26.4,291,0,55,450
2019-11-11,0,0,22.1,177,0,36,302
2019-11-12,0,0,25.5,218,0,49,327
2019-11-13,0,0,29.5,149,0,25,226
2019-11-14,0,0,23.7,190,0,40,314
2019-11-15,0,0,23.8,189,0,35,363
2019-11-16,0,1,22.2,233,0,49,371
2019-11-17,0,1,25.6,231,0,46,417
2019-11-18,0,0,19.9,177,0,32,281
2019-11-19,0,0,19.8,144,0,31,241
2019-11-20,0,0,18.2,150,0,35,274
2019-11-21,0,0,35.6,166,0,29,306
2019-11-22,0,0,25.4,172,0,39,292
2019-11-23,0,1,33.2,298,0,59,540
2019-11-24,0,1,22.9,260,0,54,392
2019-11-25,1,0,36.0,329,0,73,540
2019-11-26,0,0,22.2,159,0,30,297
2019-11-27,0,0,26.8,230,1,55,410
2019-11-28,0,0,20.8,164,0,34,282
2019-11-29,0,0,22.2,187,0,32,361
2019-11-30,0,1,18.3,251,0,50,447
2019-12-01,0,1,33.4,299,0,56,546
2019-12-02,0,0,20.6,198,0,39,363
2019-12-03,0,0,25.9,239,1,56,405
2019-12-04,0,0,30.8,189,0,39,337
2019-12-05,0,0,26.8,164,0,28,257
2019-12-06,0,0,30.9,174,0,38,342
2019-12-07,0,1,25.9,369,1,73,556
2019-12-08,0,1,29.1,270,0,56,539
2019-12-09,0,0,19.4,196,0,39,316
2019-12-10,0,0,33.8,170,0,29,337
2019-12-11,0,0,24.0,209,0,39,356
2019-12-12,0,0,30.5,215,0,44,337
2019-12-13,0,0,18.7,152,0,26,229
2019-12-14,0,1,28.8,252,0,55,409
2019-12-15,0,1,31.8,283,0,61,534
2019-12-16,0,0,33.1,143,0,30,218
2019-12-17,0,0,35.1,144,0,32,274
2019-12-18,0,0,33.4,197,0,35,324
2019-12-19,0,0,19.5,218,0,41,415
2019-12-20,0,0,34.8,212,0,40,334
2019-12-21,0,1,30.5,271,0,52,413
2019-12-22,0,1,31.6,283,0,58,428
2019-12-23,0,0,19.4,200,0,42,390
2019-12-24,1,0,32.0,267,0,54,430
2019-12-25,1,0,20.3,284,0,62,469
2019-12-26,0,0,27.4,191,0,33,297
2019-12-27,0,0,29.1,214,0,42,419
2019-12-28,0,1,21.2,271,0,54,487
2019-12-29,0,1,27.7,234,0,49,352
2019-12-30,0,0,33.4,147,0,24,228
2019-12-31,1,0,19.9,278,0,66,485
2020-01-01,1,0,32.2,278,0,65,545
2020-01-02,0,0,32.3,148,0,33,233
2020-01-03,0,0,27.0,217,0,46,369
2020-01-04,0,1,25.0,250,0,47,498
2020-01-05,0,1,24.8,236,0,48,356
2020-01-06,0,0,26.5,217,0,40,341
2020-01-07,0,0,32.9,141,0,24,212
2020-01-08,0,0,33.7,193,0,36,353
2020-01-09,0,0,20.1,152,0,32,233
2020-01-10,0,0,21.7,188,0,41,295
2020-01-11,0,1,29.7,277,0,60,456
2020-01-12,0,1,18.4,285,0,61,473
2020-01-13,0,0,31.8,191,0,42,307
2020-01-14,0,0,34.8,182,0,39,280
2020-01-15,0,0,23.5,201,0,35,370
2020-01-16,0,0,26.2,200,0,42,356
2020-01-17,0,0,29.7,193,0,44,317
2020-01-18,0,1,19.5,300,0,58,483
2020-01-19,0,1,29.7,271,0,54,503
2020-01-20,0,0,32.9,149,0,25,286
2020-01-21,0,0,31.9,212,0,37,423
2020-01-22,0,0,34.1,164,0,30,300
2020-01-23,0,0,24.8,140,0,23,238
2020-01-24,0,0,22.6,183,0,42,313
2020-01-25,0,1,25.7,267,0,52,514
2020-01-26,0,1,30.8,288,0,53,495
2020-01-27,0,0,21.2,265,1,52,528
2020-01-28,0,0,22.4,174,0,37,291
2020-01-29,0,0,21.6,202,0,37,384
2020-01-30,0,0,23.8,213,0,42,362
2020-01-31,0,0,25.7,194,0,43,371
2020-02-01,0,1,28.9,248,0,51,457
2020-02-02,0,1,23.9,236,0,51,470
2020-02-03,0,0,18.4,163,0,34,300
2020-02-04,0,0,33.4,186,0,40,363
2020-02-05,0,0,20.8,186,0,33,290
2020-02-06,0,0,18.2,159,0,34,250
2020-02-07,0,0,27.8,201,0,39,368
2020-02-08,0,1,31.5,236,0,44,465
2020-02-09,0,1,34.9,283,0,54,502
2020-02-10,0,0,20.8,145,0,31,242
2020-02-11,0,0,21.9,193,0,42,310
2020-02-12,0,0,26.5,209,0,46,339
2020-02-13,0,0,18.6,151,0,31,254
2020-02-14,1,0,20.6,332,0,67,560
2020-02-15,0,1,20.0,273,0,57,499
2020-02-16,0,1,30.3,289,0,62,500
2020-02-17,0,0,20.0,201,0,44,354
2020-02-18,0,0,32.5,195,0,35,381
2020-02-19,0,0,35.1,162,0,34,321
2020-02-20,0,0,25.0,197,0,36,319
2020-02-21,0,0,25.7,174,0,37,325
2020-02-22,0,1,28.1,294,0,55,547
2020-02-23,0,1,33.7,245,0,44,385
2020-02-24,0,0,22.4,200,0,39,368
2020-02-25,0,0,24.7,145,0,24,262
2020-02-26,0,0,30.5,141,0,32,238
2020-02-27,0,0,21.7,218,0,44,370
2020-02-28,0,0,35.7,141,0,27,252
2020-02-29,0,1,32.9,254,0,50,429
2020-03-01,0,1,26.9,278,0,61,533
2020-03-02,0,0,30.5,141,0,28,272
2020-03-03,0,0,30.9,148,0,27,291
2020-03-04,0,0,18.4,140,0,31,272
2020-03-05,0,0,34.8,254,1,57,426
2020-03-06,0,0,34.3,207,0,46,340
2020-03-07,0,1,23.2,269,0,57,453
2020-03-08,0,1,20.6,285,0,62,509
2020-03-09,0,0,23.5,144,0,26,222
2020-03-10,0,0,29.2,202,0,42,331
2020-03-11,0,0,30.9,179,0,36,329
2020-03-12,0,0,32.6,220,1,45,432
2020-03-13,0,0,24.3,153,0,33,300
2020-03-14,0,1,24.3,245,0,49,377
2020-03-15,0,1,32.9,264,0,54,435
2020-03-16,0,0,28.1,152,0,34,241
2020-03-17,0,0,33.5,174,0,40,304
2020-03-18,0,0,30.9,199,0,42,313
2020-03-19,0,0,23.0,154,0,32,283
2020-03-20,0,0,25.2,211,0,40,389
2020-03-21,0,1,21.8,292,0,55,458
2020-03-22,0,1,29.4,232,0,50,454
2020-03-23,0,0,29.1,140,0,31,224
2020-03-24,0,0,18.4,297,1,64,530
2020-03-25,0,0,18.9,177,0,33,306
2020-03-26,0,0,28.6,208,0,40,393
2020-03-27,0,0,32.0,205,0,45,323
2020-03-28,0,1,35.8,301,0,63,559
2020-03-29,0,1,18.6,271,0,56,533
2020-03-30,0,0,26.0,183,0,38,297
2020-03-31,0,0,29.9,187,0,40,305
2020-04-01,0,0,34.7,182,0,36,307
2020-04-02,0,0,34.0,182,0,39,277
2020-04-03,0,0,31.0,153,0,30,297
2020-04-04,0,1,30.9,305,0,62,496
2020-04-05,0,1,27.6,290,0,56,564
2020-04-06,0,0,28.1,164,0,37,251
2020-04-07,0,0,33.2,147,0,28,238
2020-04-08,0,0,35.3,287,1,60,552
2020-04-09,0,0,25.4,142,0,26,226
2020-04-10,0,0,21.6,247,1,56,423
2020-04-11,0,1,35.4,302,0,55,531
2020-04-12,0,1,32.4,283,0,58,504
2020-04-13,0,0,28.0,177,0,39,283
2020-04-14,0,0,26.8,168,0,33,282
2020-04-15,0,0,23.9,156,0,32,277
2020-04-16,0,0,26.4,172,0,33,267
2020-04-17,0,0,29.9,177,0,38,287
2020-04-18,0,1,34.3,306,0,64,563
2020-04-19,0,1,29.4,286,0,60,537
2020-04-20,0,0,25.4,196,0,39,347
2020-04-21,0,0,23.0,221,1,48,332
2020-04-22,0,0,33.2,186,0,38,354
2020-04-23,0,0,26.2,202,0,41,392
2020-04-24,0,0,19.9,196,0,38,337
2020-04-25,0,1,22.6,253,0,48,482
2020-04-26,0,1,29.9,267,0,49,504
2020-04-27,0,0,35.7,192,0,40,374
2020-04-28,0,0,26.9,169,0,39,314
2020-04-29,0,0,32.2,172,0,31,308
2020-04-30,0,0,32.8,259,1,55,390
2020-05-01,0,0,33.7,149,0,26,274
2020-05-02,0,1,24.4,233,0,50,443
2020-05-03,0,1,20.7,269,0,54,470
2020-05-04,0,0,26.0,193,0,44,343
2020-05-05,0,0,21.2,171,0,33,265
2020-05-06,0,0,35.9,220,0,41,382
2020-05-07,0,0,19.3,147,0,33,275
2020-05-08,0,0,28.9,207,0,46,406
2020-05-09,0,1,34.8,237,0,46,433
2020-05-10,0,1,23.0,298,0,65,584
2020-05-11,0,0,21.3,175,0,40,299
2020-05-12,0,0,28.9,143,0,33,234
2020-05-13,0,0,31.3,157,0,29,236
2020-05-14,0,0,24.2,146,0,30,242
2020-05-15,0,0,22.4,251,1,55,435
2020-05-16,0,1,19.7,390,1,81,590
2020-05-17,0,1,19.7,265,0,49,493
2020-05-18,0,0,32.0,175,0,38,328
2020-05-19,0,0,30.1,155,0,30,269
2020-05-20,0,0,24.2,207,0,39,345
2020-05-21,0,0,25.9,206,0,41,366
2020-05-22,0,0,25.5,202,0,36,398
2020-05-23,0,1,32.1,256,0,56,392
2020-05-24,0,1,32.4,244,0,53,399
2020-05-25,0,0,27.7,196,0,37,385
2020-05-26,0,0,31.1,157,0,32,312
2020-05-27,0,0,21.1,215,0,43,416
2020-05-28,0,0,27.9,169,0,37,315
2020-05-29,0,0,33.7,216,0,46,330
2020-05-30,0,1,32.6,236,0,42,462
2020-05-31,0,1,33.9,234,0,52,399
2020-06-01,0,0,25.2,156,0,36,309
2020-06-02,0,0,29.1,174,0,36,346
2020-06-03,0,0,35.7,150,0,25,239
2020-06-04,0,0,20.6,175,0,35,326
2020-06-05,0,0,28.3,195,0,34,332
2020-06-06,0,1,30.8,241,0,43,402
2020-06-07,0,1,20.4,248,0,55,435
2020-06-08,0,0,23.7,213,0,45,363
2020-06-09,0,0,21.8,143,0,32,274
2020-06-10,0,0,19.7,192,0,35,378
2020-06-11,0,0,24.1,172,0,37,262
2020-06-12,0,0,26.4,201,0,44,384
2020-06-13,0,1,32.9,335,1,70,505
2020-06-14,0,1,23.0,270,0,50,408
2020-06-15,0,0,21.3,175,0,40,330
2020-06-16,0,0,29.2,200,0,39,332
2020-06-17,0,0,21.5,178,0,35,324
2020-06-18,0,0,22.3,182,0,38,315
2020-06-19,0,0,25.2,188,0,33,315
2020-06-20,0,1,28.9,304,0,58,458
2020-06-21,0,1,20.1,249,0,51,380
2020-06-22,0,0,27.0,140,0,27,212
2020-06-23,0,0,30.4,169,0,34,333
2020-06-24,0,0,31.2,213,0,45,369
2020-06-25,0,0,33.6,217,0,43,432
2020-06-26,0,0,20.6,163,0,36,281
2020-06-27,0,1,24.7,284,0,62,489
2020-06-28,0,1,35.5,248,0,48,381
2020-06-29,0,0,36.0,169,0,34,261
2020-06-30,0,0,25.6,179,0,36,289
2020-07-01,0,0,30.6,244,1,58,415
2020-07-02,0,0,31.8,156,0,33,305
2020-07-03,0,0,31.4,224,1,45,348
2020-07-04,1,1,29.8,407,0,85,686
2020-07-05,0,1,22.7,352,1,79,608
2020-07-06,0,0,19.5,149,0,26,237
2020-07-07,0,0,31.8,200,0,37,335
2020-07-08,0,0,35.9,141,0,33,223
2020-07-09,0,0,21.4,213,0,38,346
2020-07-10,0,0,27.7,167,0,28,323
2020-07-11,0,1,24.0,280,0,55,557
2020-07-12,0,1,22.7,286,0,60,517
2020-07-13,0,0,30.1,162,0,36,268
2020-07-14,0,0,33.6,145,0,26,271
2020-07-15,0,0,30.9,201,0,45,325
2020-07-16,0,0,26.8,217,0,41,326
2020-07-17,0,0,26.9,215,0,48,355
2020-07-18,0,1,18.6,235,0,46,417
2020-07-19,0,1,35.8,261,0,52,391
2020-07-20,0,0,23.2,264,1,59,469
2020-07-21,0,0,24.1,188,0,42,298
2020-07-22,0,0,18.5,216,0,45,325
2020-07-23,0,0,29.4,173,0,40,337
2020-07-24,0,0,24.9,215,0,38,418
2020-07-25,0,1,34.6,267,0,49,472
2020-07-26,0,1,22.3,282,0,56,425
2020-07-27,0,0,31.9,214,0,44,361
2020-07-28,0,0,25.3,194,0,41,335
2020-07-29,0,0,18.1,174,0,40,329
2020-07-30,0,0,24.2,160,0,31,245
2020-07-31,0,0,31.5,177,0,34,353
2020-08-01,0,1,19.8,251,0,47,424
2020-08-02,0,1,33.9,240,0,46,454
2020-08-03,0,0,31.3,217,0,42,334
2020-08-04,0,0,24.7,144,0,29,227
2020-08-05,0,0,28.4,203,0,40,309
2020-08-06,0,0,21.7,170,0,33,288
2020-08-07,0,0,33.4,141,0,29,241
2020-08-08,0,1,31.5,254,0,54,452
2020-08-09,0,1,27.3,284,0,56,539
2020-08-10,0,0,18.8,175,0,40,267
2020-08-11,0,0,28.8,181,0,38,296
2020-08-12,0,0,29.0,278,1,60,467
2020-08-13,0,0,20.0,187,0,40,357
2020-08-14,0,0,29.3,216,0,45,398
2020-08-15,0,1,29.3,265,0,54,436
2020-08-16,0,1,33.9,286,0,57,554
2020-08-17,0,0,29.0,262,1,56,507
2020-08-18,0,0,25.7,144,0,31,276
2020-08-19,0,0,22.5,179,0,39,275
2020-08-20,0,0,32.1,158,0,35,262
2020-08-21,0,0,32.2,193,0,39,336
2020-08-22,0,1,23.5,275,0,50,531
2020-08-23,0,1,26.5,295,0,54,477
2020-08-24,0,0,21.9,210,0,45,321
2020-08-25,0,0,34.0,164,0,31,283
2020-08-26,0,0,20.5,204,0,44,328
2020-08-27,0,0,30.9,186,0,35,284
2020-08-28,0,0,22.9,189,0,33,374
2020-08-29,0,1,24.7,289,0,54,495
2020-08-30,0,1,26.4,283,0,62,476
2020-08-31,0,0,28.0,176,0,30,301
2020-09-01,0,0,25.4,143,0,26,231
2020-09-02,0,0,22.2,258,1,53,396
2020-09-03,0,0,28.1,143,0,25,251
2020-09-04,0,0,31.0,249,1,55,379
2020-09-05,0,1,35.1,284,0,52,531
2020-09-06,0,1,18.2,257,0,48,449
2020-09-07,0,0,28.7,171,0,33,318
2020-09-08,0,0,33.9,143,0,33,230
2020-09-09,0,0,22.7,205,0,36,349
2020-09-10,0,0,19.5,168,0,38,323
2020-09-11,0,0,29.3,236,1,54,359
2020-09-12,0,1,21.4,290,0,61,575
2020-09-13,0,1,18.8,273,0,51,446
2020-09-14,0,0,19.5,156,0,30,260
2020-09-15,0,0,20.8,170,0,37,325
2020-09-16,0,0,28.7,193,0,43,370
2020-09-17,0,0,33.9,187,0,34,371
2020-09-18,0,0,22.8,183,0,37,296
2020-09-19,0,1,21.7,291,0,60,531
2020-09-20,0,1,33.0,309,0,61,473
2020-09-21,0,0,25.1,185,0,34,313
2020-09-22,0,0,26.0,144,0,25,272
2020-09-23,0,0,19.9,172,0,37,323
2020-09-24,0,0,25.1,141,0,24,252
2020-09-25,0,0,23.1,141,0,27,271
2020-09-26,0,1,28.1,372,1,77,576
2020-09-27,0,1,25.8,281,0,55,424
2020-09-28,0,0,24.9,206,0,42,321
2020-09-29,0,0,23.0,171,0,34,270
2020-09-30,0,0,20.6,298,1,67,499
2020-10-01,0,0,25.6,152,0,31,266
2020-10-02,0,0,34.5,193,0,35,332
2020-10-03,0,1,23.9,268,0,53,488
2020-10-04,0,1,18.3,232,0,48,445
2020-10-05,0,0,29.6,208,0,44,345
2020-10-06,0,0,18.2,176,0,38,336
2020-10-07,0,0,27.3,269,1,61,480
2020-10-08,0,0,26.7,197,0,44,307
2020-10-09,0,0,20.6,159,0,32,268
2020-10-10,0,1,32.7,279,0,52,455
2020-10-11,0,1,28.9,235,0,50,418
2020-10-12,0,0,21.6,277,1,55,475
2020-10-13,0,0,22.7,201,0,41,335
2020-10-14,0,0,31.3,228,1,49,383
2020-10-15,0,0,22.6,179,0,39,277
2020-10-16,0,0,24.3,163,0,32,297
2020-10-17,0,1,25.4,288,0,60,493
2020-10-18,0,1,30.4,250,0,46,391
2020-10-19,0,0,18.6,181,0,36,288
2020-10-20,0,0,21.9,151,0,33,275
2020-10-21,0,0,35.1,168,0,29,307
2020-10-22,0,0,18.7,181,0,38,289
2020-10-23,0,0,32.8,277,1,57,473
2020-10-24,0,1,20.8,332,1,75,597
2020-10-25,0,1,24.1,265,0,49,477
2020-10-26,0,0,25.3,256,1,51,435
2020-10-27,0,0,21.8,209,0,46,315
2020-10-28,0,0,27.7,142,0,23,229
2020-10-29,0,0,35.3,178,0,31,290
2020-10-30,0,0,25.8,204,0,36,352
2020-10-31,1,1,32.2,410,0,82,648
2020-11-01,0,1,27.6,280,0,58,462
2020-11-02,0,0,21.5,180,0,35,318
2020-11-03,0,0,26.0,198,0,41,330
2020-11-04,0,0,30.2,222,1,49,350
2020-11-05,0,0,22.1,166,0,35,299
2020-11-06,0,0,26.0,300,1,61,522
2020-11-07,0,1,31.0,302,0,61,519
2020-11-08,0,1,22.7,282,0,53,515
2020-11-09,0,0,35.2,185,0,34,289
2020-11-10,0,0,27.1,153,0,32,257
2020-11-11,0,0,32.0,196,0,40,347
2020-11-12,0,0,27.8,203,0,38,360
2020-11-13,0,0,27.9,216,0,48,339
2020-11-14,0,1,24.6,235,0,46,392
2020-11-15,0,1,22.0,232,0,44,387
2020-11-16,0,0,21.8,219,0,44,400
2020-11-17,0,0,21.4,189,0,38,348
2020-11-18,0,0,29.4,173,0,38,342
2020-11-19,0,0,31.0,171,0,36,310
2020-11-20,0,0,30.3,198,0,39,330
2020-11-21,0,1,27.9,325,1,66,510
2020-11-22,0,1,26.6,251,0,54,386
2020-11-23,0,0,30.1,214,0,44,414
2020-11-24,0,0,27.2,162,0,31,319
2020-11-25,1,0,26.0,324,0,66,603
2020-11-26,0,0,23.5,213,0,42,370
2020-11-27,0,0,30.3,200,0,38,380
2020-11-28,0,1,32.4,281,0,61,517
2020-11-29,0,1,33.3,307,0,59,501
2020-11-30,0,0,25.6,272,1,59,443
2020-12-01,0,0,25.4,182,0,38,357
2020-12-02,0,0,22.3,190,0,41,376
2020-12-03,0,0,19.5,169,0,35,321
2020-12-04,0,0,21.7,194,0,44,386
2020-12-05,0,1,20.1,266,0,49,474
2020-12-06,0,1,18.7,278,0,53,476
2020-12-07,0,0,33.4,204,0,38,331
2020-12-08,0,0,29.4,196,0,38,318
2020-12-09,0,0,33.8,215,0,48,419
2020-12-10,0,0,31.8,140,0,23,273
2020-12-11,0,0,29.6,184,0,36,304
2020-12-12,0,1,30.3,233,0,49,359
2020-12-13,0,1,33.9,284,0,56,452
2020-12-14,0,0,21.2,293,1,58,528
2020-12-15,0,0,25.1,213,0,45,421
2020-12-16,0,0,23.8,150,0,29,296
2020-12-17,0,0,34.3,300,1,68,524
2020-12-18,0,0,25.4,200,0,40,360
2020-12-19,0,1,19.1,242,0,47,431
2020-12-20,0,1,27.3,252,0,55,446
2020-12-21,0,0,35.4,209,0,38,413
2020-12-22,0,0,22.3,188,0,36,321
2020-12-23,0,0,21.4,195,0,44,341
2020-12-24,1,0,26.5,401,1,90,782
2020-12-25,1,0,35.4,332,0,67,605
2020-12-26,0,1,29.7,272,0,53,538
2020-12-27,0,1,26.0,232,0,45,356
2020-12-28,0,0,19.6,215,0,46,380
2020-12-29,0,0,21.6,165,0,28,327
2020-12-30,0,0,24.1,203,0,39,370
2020-12-31,1,0,29.5,308,0,70,463
2021-01-01,1,0,22.1,327,0,72,579
2021-01-02,0,1,20.3,247,0,49,425
2021-01-03,0,1,32.9,299,0,60,564
2021-01-04,0,0,26.5,194,0,36,318
2021-01-05,0,0,33.9,215,0,42,408
2021-01-06,0,0,24.7,180,0,34,291
2021-01-07,0,0,21.4,215,0,43,398
2021-01-08,0,0,27.9,168,0,30,292
2021-01-09,0,1,25.5,381,1,80,662
2021-01-10,0,1,20.1,300,0,62,489
2021-01-11,0,0,25.9,207,0,42,402
2021-01-12,0,0,29.4,163,0,34,252
2021-01-13,0,0,22.7,197,0,44,309
2021-01-14,0,0,27.5,184,0,42,305
2021-01-15,0,0,26.3,195,0,42,298
2021-01-16,0,1,28.1,307,0,64,550
2021-01-17,0,1,28.7,297,0,59,451
2021-01-18,0,0,19.1,194,0,44,363
2021-01-19,0,0,22.2,208,0,44,407
2021-01-20,0,0,19.2,166,0,30,293
2021-01-21,0,0,22.4,198,0,45,335
2021-01-22,0,0,23.2,141,0,29,221
2021-01-23,0,1,27.4,284,0,60,549
2021-01-24,0,1,35.6,273,0,55,419
2021-01-25,0,0,19.4,203,0,41,314
2021-01-26,0,0,20.3,207,0,39,348
2021-01-27,0,0,21.0,203,0,46,363
2021-01-28,0,0,31.0,148,0,33,256
2021-01-29,0,0,19.2,196,0,43,383
2021-01-30,0,1,18.2,236,0,47,430
2021-01-31,0,1,33.4,253,0,49,499
2021-02-01,0,0,34.7,256,1,59,426
2021-02-02,0,0,19.9,165,0,31,287
2021-02-03,0,0,32.5,154,0,34,253
2021-02-04,0,0,22.6,260,1,57,444
2021-02-05,0,0,20.2,206,0,42,354
2021-02-06,0,1,24.5,341,1,75,533
2021-02-07,0,1,31.7,302,0,58,482
2021-02-08,0,0,28.9,168,0,36,266
2021-02-09,0,0,19.4,142,0,33,280
2021-02-10,0,0,22.5,198,0,42,311
2021-02-11,0,0,29.5,169,0,35,256
2021-02-12,0,0,22.7,188,0,41,302
2021-02-13,0,1,20.8,240,0,48,362
2021-02-14,1,1,36.0,411,0,88,808
2021-02-15,0,0,20.1,169,0,30,294
2021-02-16,0,0,19.6,152,0,26,288
2021-02-17,0,0,23.2,169,0,36,300
2021-02-18,0,0,27.3,202,0,45,400
2021-02-19,0,0,23.5,203,0,43,373
2021-02-20,0,1,29.7,287,0,62,565
2021-02-21,0,1,19.0,238,0,51,415
2021-02-22,0,0,32.5,214,0,38,337
2021-02-23,0,0,22.2,159,0,27,284
2021-02-24,0,0,35.3,152,0,33,234
2021-02-25,0,0,19.1,179,0,39,278
2021-02-26,0,0,26.6,203,0,38,323
2021-02-27,0,1,27.5,248,0,51,378
2021-02-28,0,1,22.2,294,0,59,582
2021-03-01,0,0,25.8,194,0,43,306
2021-03-02,0,0,30.6,151,0,34,297
2021-03-03,0,0,18.5,159,0,37,300
2021-03-04,0,0,35.6,183,0,36,326
2021-03-05,0,0,19.2,236,1,50,412
2021-03-06,0,1,30.7,241,0,51,396
2021-03-07,0,1,25.4,266,0,58,412
2021-03-08,0,0,35.4,148,0,29,255
2021-03-09,0,0,19.7,206,0,46,373
2021-03-10,0,0,32.0,149,0,27,296
2021-03-11,0,0,29.5,188,0,43,339
2021-03-12,0,0,28.1,178,0,32,284
2021-03-13,0,1,21.8,298,0,60,518
2021-03-14,0,1,19.4,246,0,46,401
2021-03-15,0,0,31.0,171,0,34,328
2021-03-16,0,0,21.8,278,1,65,502
2021-03-17,0,0,32.2,167,0,36,305
2021-03-18,0,0,24.0,159,0,29,276
2021-03-19,0,0,31.8,194,0,40,302
2021-03-20,0,1,27.8,287,0,52,503
2021-03-21,0,1,30.4,288,0,53,513
2021-03-22,0,0,20.5,147,0,29,267
2021-03-23,0,0,29.6,151,0,25,294
2021-03-24,0,0,35.8,209,0,43,356
2021-03-25,0,0,23.2,213,0,44,347
2021-03-26,0,0,29.6,206,0,42,354
2021-03-27,0,1,21.2,299,0,57,505
2021-03-28,0,1,19.3,255,0,55,500
2021-03-29,0,0,34.7,187,0,38,333
2021-03-30,0,0,25.1,208,0,47,382
2021-03-31,0,0,18.2,184,0,32,296
2021-04-01,0,0,18.3,174,0,37,293
2021-04-02,0,0,21.2,147,0,33,264
2021-04-03,0,1,32.7,237,0,49,409
2021-04-04,0,1,23.5,302,0,64,551
2021-04-05,0,0,29.5,162,0,30,256
2021-04-06,0,0,33.6,156,0,34,300
2021-04-07,0,0,18.5,147,0,28,292
2021-04-08,0,0,29.0,199,0,44,319
2021-04-09,0,0,29.6,220,0,42,335
2021-04-10,0,1,20.8,267,0,56,467
2021-04-11,0,1,29.6,304,0,58,522
2021-04-12,0,0,21.9,169,0,31,261
2021-04-13,0,0,35.5,168,0,30,324
2021-04-14,0,0,19.2,292,1,57,552
2021-04-15,0,0,29.8,204,0,43,353
2021-04-16,0,0,34.5,206,0,46,340
2021-04-17,0,1,21.6,236,0,44,442
2021-04-18,0,1,35.1,260,0,50,438
2021-04-19,0,0,27.4,169,0,32,304
2021-04-20,0,0,27.7,189,0,37,285
2021-04-21,0,0,29.6,150,0,31,298
2021-04-22,0,0,23.6,141,0,30,238
2021-04-23,0,0,25.4,201,0,41,321
2021-04-24,0,1,25.9,277,0,56,417
2021-04-25,0,1,34.9,282,0,56,541
2021-04-26,0,0,32.3,194,0,41,338
2021-04-27,0,0,18.8,210,0,37,339
2021-04-28,0,0,27.1,170,0,37,323
2021-04-29,0,0,25.3,174,0,33,313
2021-04-30,0,0,28.9,186,0,40,367
2021-05-01,0,1,28.2,287,0,55,551
2021-05-02,0,1,34.2,298,0,61,503
2021-05-03,0,0,29.2,197,0,42,308
2021-05-04,0,0,33.3,185,0,35,280
2021-05-05,0,0,24.9,247,1,50,432
2021-05-06,0,0,20.9,202,0,43,364
2021-05-07,0,0,18.8,166,0,36,301
2021-05-08,0,1,28.9,287,0,56,470
2021-05-09,0,1,34.3,245,0,48,385
2021-05-10,0,0,19.9,174,0,34,317
2021-05-11,0,0,20.9,171,0,37,316
2021-05-12,0,0,28.5,168,0,33,288
2021-05-13,0,0,34.2,188,0,37,291
2021-05-14,0,0,35.1,180,0,39,330
2021-05-15,0,1,27.8,266,0,50,443
2021-05-16,0,1,19.4,310,0,60,469
2021-05-17,0,0,26.7,210,0,40,385
2021-05-18,0,0,35.6,159,0,31,316
2021-05-19,0,0,23.2,168,0,30,277
2021-05-20,0,0,26.4,219,0,47,394
2021-05-21,0,0,32.9,191,0,41,354
2021-05-22,0,1,18.9,275,0,60,432
2021-05-23,0,1,21.9,230,0,48,366
2021-05-24,0,0,27.6,215,0,40,335
2021-05-25,0,0,23.7,235,1,47,400
2021-05-26,0,0,19.3,195,0,43,336
2021-05-27,0,0,33.5,181,0,40,339
2021-05-28,0,0,33.2,206,0,38,393
2021-05-29,0,1,33.7,281,0,54,493
2021-05-30,0,1,30.0,309,0,61,498
2021-05-31,0,0,26.5,166,0,28,283
2021-06-01,0,0,34.1,159,0,28,280
2021-06-02,0,0,19.4,148,0,33,278
2021-06-03,0,0,21.8,247,1,55,473
2021-06-04,0,0,35.9,186,0,32,314
2021-06-05,0,1,20.3,286,0,60,476
2021-06-06,0,1,25.3,309,0,66,550
2021-06-07,0,0,35.1,190,0,33,311
2021-06-08,0,0,23.6,202,0,41,380
2021-06-09,0,0,21.7,169,0,37,309
2021-06-10,0,0,23.6,204,0,46,344
2021-06-11,0,0,24.3,196,0,41,333
2021-06-12,0,1,29.3,267,0,54,486
2021-06-13,0,1,27.5,238,0,48,389
2021-06-14,0,0,22.0,153,0,29,280
2021-06-15,0,0,18.4,198,0,44,297
2021-06-16,0,0,25.5,204,0,46,394
2021-06-17,0,0,34.3,186,0,33,332
2021-06-18,0,0,21.5,189,0,37,322
2021-06-19,0,1,20.6,352,1,78,610
2021-06-20,0,1,20.3,299,0,61,450
2021-06-21,0,0,26.1,184,0,41,330
2021-06-22,0,0,29.4,168,0,34,285
2021-06-23,0,0,27.3,247,1,56,459
2021-06-24,0,0,18.1,204,0,45,383
2021-06-25,0,0,25.9,172,0,34,272
2021-06-26,0,1,23.1,293,0,64,539
2021-06-27,0,1,18.7,282,0,51,541
2021-06-28,0,0,22.3,201,0,40,354
2021-06-29,0,0,31.2,147,0,31,277
2021-06-30,0,0,23.1,197,0,42,339
2021-07-01,0,0,28.2,156,0,26,274
2021-07-02,0,0,29.1,189,0,33,296
2021-07-03,0,1,31.4,381,1,76,737
2021-07-04,1,1,19.0,383,0,82,599
2021-07-05,0,0,22.2,159,0,30,297
2021-07-06,0,0,22.0,172,0,29,279
2021-07-07,0,0,21.5,214,0,38,334
2021-07-08,0,0,30.6,163,0,34,280
2021-07-09,0,0,22.9,199,0,44,397
2021-07-10,0,1,28.4,308,0,59,614
2021-07-11,0,1,30.3,246,0,54,411
2021-07-12,0,0,32.8,145,0,33,221
2021-07-13,0,0,21.7,208,0,44,406
2021-07-14,0,0,21.4,162,0,27,301
2021-07-15,0,0,35.5,167,0,31,321
2021-07-16,0,0,35.5,204,0,44,389
2021-07-17,0,1,31.1,268,0,49,426
2021-07-18,0,1,33.6,259,0,56,462
2021-07-19,0,0,35.4,144,0,27,223
2021-07-20,0,0,32.5,214,0,45,398
2021-07-21,0,0,34.7,263,1,56,523
2021-07-22,0,0,27.1,213,0,42,347
2021-07-23,0,0,28.2,161,0,36,319
2021-07-24,0,1,21.4,271,0,55,506
2021-07-25,0,1,26.3,233,0,51,351
2021-07-26,0,0,33.6,168,0,36,324
2021-07-27,0,0,34.1,170,0,37,279
2021-07-28,0,0,20.5,181,0,36,328
2021-07-29,0,0,28.0,192,0,35,359
2021-07-30,0,0,32.6,193,0,39,315
2021-07-31,0,1,18.5,259,0,48,517
2021-08-01,0,1,31.4,260,0,49,455
2021-08-02,0,0,30.1,162,0,29,315
2021-08-03,0,0,32.1,156,0,29,255
2021-08-04,0,0,35.5,195,0,40,345
2021-08-05,0,0,32.3,164,0,37,301
2021-08-06,0,0,23.8,226,1,51,445
2021-08-07,0,1,35.0,287,0,52,529
2021-08-08,0,1,32.2,309,0,62,607
2021-08-09,0,0,18.1,153,0,31,305
2021-08-10,0,0,28.9,278,1,62,540
2021-08-11,0,0,28.9,208,0,38,344
2021-08-12,0,0,23.1,178,0,40,314
2021-08-13,0,0,23.8,198,0,42,319
2021-08-14,0,1,21.4,263,0,54,474
2021-08-15,0,1,31.8,238,0,52,379
2021-08-16,0,0,26.0,147,0,30,281
2021-08-17,0,0,27.2,185,0,42,323
2021-08-18,0,0,25.8,157,0,32,307
2021-08-19,0,0,19.5,189,0,34,369
2021-08-20,0,0,30.7,158,0,29,277
2021-08-21,0,1,32.0,274,0,55,502
2021-08-22,0,1,23.0,237,0,44,408
2021-08-23,0,0,34.7,199,0,44,346
2021-08-24,0,0,31.9,145,0,33,287
2021-08-25,0,0,30.8,170,0,39,266
2021-08-26,0,0,32.5,197,0,43,327
2021-08-27,0,0,18.1,154,0,29,277
2021-08-28,0,1,34.5,386,1,77,713
2021-08-29,0,1,26.2,243,0,51,430
2021-08-30,0,0,34.3,218,0,39,390
2021-08-31,0,0,34.0,197,0,38,341
2021-09-01,0,0,32.8,167,0,30,295
2021-09-02,0,0,33.6,148,0,28,263
2021-09-03,0,0,32.2,197,0,38,350
2021-09-04,0,1,33.4,252,0,45,389
2021-09-05,0,1,31.4,254,0,49,430
2021-09-06,0,0,21.5,295,1,62,488
2021-09-07,0,0,20.3,248,1,53,468
2021-09-08,0,0,24.1,199,0,40,311
2021-09-09,0,0,21.4,168,0,33,287
2021-09-10,0,0,21.9,174,0,40,340
2021-09-11,0,1,30.3,297,0,55,532
2021-09-12,0,1,23.3,302,0,63,558
2021-09-13,0,0,26.2,201,0,36,349
2021-09-14,0,0,24.8,220,0,48,350
2021-09-15,0,0,22.8,188,0,39,283
2021-09-16,0,0,20.0,210,0,45,368
2021-09-17,0,0,30.1,142,0,26,227
2021-09-18,0,1,30.1,322,1,63,605
2021-09-19,0,1,22.5,253,0,56,400
2021-09-20,0,0,25.8,159,0,36,308
2021-09-21,0,0,32.1,161,0,34,252
2021-09-22,0,0,25.4,213,0,38,415
2021-09-23,0,0,20.5,190,0,34,324
2021-09-24,0,0,22.9,190,0,42,315
2021-09-25,0,1,25.5,297,0,61,512
2021-09-26,0,1,32.5,276,0,53,424
2021-09-27,0,0,25.1,170,0,29,282
2021-09-28,0,0,18.3,191,0,36,367
2021-09-29,0,0,18.4,202,0,44,347
2021-09-30,0,0,35.9,215,0,47,423
2021-10-01,0,0,32.7,158,0,33,261
2021-10-02,0,1,24.9,255,0,53,491
2021-10-03,0,1,20.7,304,0,64,517
2021-10-04,0,0,26.5,172,0,30,266
2021-10-05,0,0,20.7,189,0,33,345
2021-10-06,0,0,25.4,182,0,39,283
2021-10-07,0,0,25.2,201,0,41,333
2021-10-08,0,0,33.8,201,0,37,324
2021-10-09,0,1,35.6,241,0,51,411
2021-10-10,0,1,24.3,276,0,57,523
2021-10-11,0,0,29.2,217,0,47,385
2021-10-12,0,0,31.7,189,0,33,368
2021-10-13,0,0,28.5,195,0,37,337
2021-10-14,0,0,18.2,148,0,27,285
2021-10-15,0,0,21.6,193,0,34,383
2021-10-16,0,1,32.7,349,1,79,696
2021-10-17,0,1,33.7,308,0,60,483
2021-10-18,0,0,35.8,200,0,37,319
2021-10-19,0,0,29.3,147,0,24,271
2021-10-20,0,0,21.6,179,0,41,296
2021-10-21,0,0,33.3,208,0,37,333
2021-10-22,0,0,34.3,158,0,32,237
2021-10-23,0,1,26.0,235,0,49,438
2021-10-24,0,1,31.5,301,0,62,532
2021-10-25,0,0,27.0,161,0,31,318
2021-10-26,0,0,28.3,196,0,38,374
2021-10-27,0,0,30.8,209,0,43,394
2021-10-28,0,0,25.5,158,0,36,308
2021-10-29,0,0,32.8,168,0,33,261
2021-10-30,0,1,30.4,245,0,53,462
2021-10-31,1,1,34.5,401,0,84,662
2021-11-01,0,0,29.0,146,0,25,291
2021-11-02,0,0,28.1,161,0,37,318
2021-11-03,0,0,20.1,153,0,36,240
2021-11-04,0,0,18.3,153,0,32,275
2021-11-05,0,0,25.3,180,0,35,280
2021-11-06,0,1,20.0,240,0,43,477
2021-11-07,0,1,25.4,296,0,63,522
2021-11-08,0,0,34.5,218,0,45,386
2021-11-09,0,0,22.9,141,0,32,247
2021-11-10,0,0,25.3,168,0,31,253
2021-11-11,0,0,21.4,208,0,40,339
2021-11-12,0,0,33.8,167,0,34,277
2021-11-13,0,1,31.8,246,0,51,370
2021-11-14,0,1,35.5,271,0,49,486
2021-11-15,0,0,20.7,228,1,55,391
2021-11-16,0,0,19.3,200,0,42,329
2021-11-17,0,0,30.0,172,0,35,259
2021-11-18,0,0,18.6,165,0,30,312
2021-11-19,0,0,28.8,172,0,30,299
2021-11-20,0,1,31.2,305,0,64,549
2021-11-21,0,1,34.9,272,0,50,478
2021-11-22,0,0,29.4,183,0,38,340
2021-11-23,0,0,25.3,212,0,44,368
2021-11-24,0,0,32.8,167,0,34,330
2021-11-25,1,0,26.8,315,0,68,544
2021-11-26,0,0,34.2,181,0,36,302
2021-11-27,0,1,20.8,301,0,65,601
2021-11-28,0,1,27.6,270,0,51,433
2021-11-29,0,0,24.5,196,0,36,354
2021-11-30,0,0,34.2,253,1,56,486
2021-12-01,0,0,32.3,258,1,58,475
2021-12-02,0,0,28.9,171,0,33,333
2021-12-03,0,0,27.8,147,0,29,273
2021-12-04,0,1,20.2,305,0,59,537
2021-12-05,0,1,32.2,263,0,58,519
2021-12-06,0,0,27.3,189,0,35,356
2021-12-07,0,0,27.8,182,0,32,332
2021-12-08,0,0,27.7,161,0,28,289
2021-12-09,0,0,21.7,184,0,39,330
2021-12-10,0,0,35.7,197,0,44,347
2021-12-11,0,1,34.2,292,0,59,565
2021-12-12,0,1,18.9,283,0,60,450
2021-12-13,0,0,34.4,141,0,33,238
2021-12-14,0,0,34.9,160,0,33,265
2021-12-15,0,0,34.2,204,0,42,384
2021-12-16,0,0,25.7,213,0,42,365
2021-12-17,0,0,29.1,185,0,38,289
2021-12-18,0,1,34.7,353,1,74,598
2021-12-19,0,1,18.6,235,0,50,424
2021-12-20,0,0,32.8,141,0,23,250
2021-12-21,0,0,29.1,160,0,28,319
2021-12-22,0,0,18.7,150,0,29,232
2021-12-23,0,0,34.9,155,0,29,289
2021-12-24,1,0,24.7,287,0,64,490
2021-12-25,1,1,27.0,414,0,88,663
2021-12-26,0,1,23.4,331,1,72,602
2021-12-27,0,0,33.5,179,0,36,357
2021-12-28,0,0,34.9,179,0,33,275
2021-12-29,0,0,18.1,166,0,28,309
2021-12-30,0,0,24.0,194,0,38,361
2021-12-31,1,0,26.5,279,0,57,473
2022-01-01,1,1,31.7,398,0,85,713
2022-01-02,0,1,35.1,295,0,55,470
2022-01-03,0,0,19.1,198,0,35,351
2022-01-04,0,0,32.3,168,0,31,292
2022-01-05,0,0,33.2,180,0,32,336
2022-01-06,0,0,22.1,149,0,26,269
2022-01-07,0,0,27.2,156,0,29,306
2022-01-08,0,1,32.7,281,0,61,544
2022-01-09,0,1,34.6,297,0,59,522
2022-01-10,0,0,19.4,191,0,34,347
2022-01-11,0,0,24.1,218,0,41,379
2022-01-12,0,0,34.7,155,0,28,274
2022-01-13,0,0,28.9,188,0,39,326
2022-01-14,0,0,21.4,158,0,35,306
2022-01-15,0,1,30.3,281,0,53,483
2022-01-16,0,1,35.1,353,1,79,679
2022-01-17,0,0,21.0,153,0,28,251
2022-01-18,0,0,32.1,140,0,31,229
2022-01-19,0,0,19.3,174,0,37,309
2022-01-20,0,0,28.7,155,0,29,250
2022-01-21,0,0,30.4,170,0,30,313
2022-01-22,0,1,27.0,231,0,41,357
2022-01-23,0,1,31.8,247,0,48,466
2022-01-24,0,0,22.6,140,0,23,219
2022-01-25,0,0,23.8,176,0,40,320
2022-01-26,0,0,26.5,190,0,38,320
2022-01-27,0,0,18.9,191,0,42,305
2022-01-28,0,0,34.9,207,0,36,367
2022-01-29,0,1,26.8,238,0,49,370
2022-01-30,0,1,22.8,287,0,62,471
2022-01-31,0,0,35.3,223,1,49,412
2022-02-01,0,0,22.7,295,1,63,462
2022-02-02,0,0,18.1,170,0,30,294
2022-02-03,0,0,24.1,147,0,27,262
2022-02-04,0,0,27.3,196,0,40,313
2022-02-05,0,1,22.5,276,0,56,497
2022-02-06,0,1,27.4,231,0,43,384
2022-02-07,0,0,32.8,228,1,54,443
2022-02-08,0,0,27.7,218,0,45,338
2022-02-09,0,0,32.1,204,0,39,363
2022-02-10,0,0,29.3,145,0,32,282
2022-02-11,0,0,22.2,157,0,29,240
2022-02-12,0,1,35.0,250,0,50,400
2022-02-13,0,1,33.8,291,0,56,525
2022-02-14,1,0,20.0,338,0,74,517
2022-02-15,0,0,25.9,162,0,34,264
2022-02-16,0,0,28.0,217,0,43,398
2022-02-17,0,0,28.9,223,1,47,435
2022-02-18,0,0,19.4,143,0,34,281
2022-02-19,0,1,26.9,291,0,63,554
2022-02-20,0,1,31.8,275,0,55,497
2022-02-21,0,0,26.7,167,0,38,286
2022-02-22,0,0,30.4,150,0,31,290
2022-02-23,0,0,22.2,203,0,41,396
2022-02-24,0,0,24.5,158,0,28,258
2022-02-25,0,0,32.3,199,0,42,353
2022-02-26,0,1,29.8,230,0,49,454
2022-02-27,0,1,30.7,258,0,51,509
2022-02-28,0,0,35.1,160,0,34,271
2022-03-01,0,0,34.5,189,0,41,297
2022-03-02,0,0,21.1,151,0,33,263
2022-03-03,0,0,24.6,177,0,35,306
2022-03-04,0,0,35.4,180,0,39,273
2022-03-05,0,1,27.7,238,0,45,416
2022-03-06,0,1,28.1,265,0,58,498
2022-03-07,0,0,28.3,193,0,36,347
2022-03-08,0,0,26.3,158,0,32,273
2022-03-09,0,0,23.3,145,0,26,278
2022-03-10,0,0,20.9,145,0,34,283
2022-03-11,0,0,27.9,178,0,36,333
2022-03-12,0,1,25.8,288,0,54,558
2022-03-13,0,1,29.1,250,0,50,397
2022-03-14,0,0,29.2,156,0,29,304
2022-03-15,0,0,24.3,216,0,47,414
2022-03-16,0,0,24.3,220,0,40,361
2022-03-17,0,0,23.1,171,0,35,294
2022-03-18,0,0,34.9,200,0,40,330
2022-03-19,0,1,27.4,235,0,52,415
2022-03-20,0,1,23.0,257,0,46,473
2022-03-21,0,0,30.3,163,0,35,245
2022-03-22,0,0,31.0,183,0,39,321
2022-03-23,0,0,31.4,213,0,40,347
2022-03-24,0,0,23.8,202,0,40,357
2022-03-25,0,0,32.7,213,0,42,393
2022-03-26,0,1,24.3,273,0,59,504
2022-03-27,0,1,29.5,296,0,64,546
2022-03-28,0,0,24.6,298,1,64,466
2022-03-29,0,0,35.5,153,0,26,241
2022-03-30,0,0,26.1,208,0,37,351
2022-03-31,0,0,35.9,190,0,41,370
2022-04-01,0,0,19.8,184,0,33,284
2022-04-02,0,1,31.1,261,0,49,519
2022-04-03,0,1,18.4,256,0,46,412
2022-04-04,0,0,31.4,184,0,35,343
2022-04-05,0,0,26.0,157,0,33,247
2022-04-06,0,0,20.5,212,0,43,361
2022-04-07,0,0,29.6,176,0,30,325
2022-04-08,0,0,18.7,156,0,32,234
2022-04-09,0,1,25.4,238,0,47,390
2022-04-10,0,1,19.3,369,1,83,660
2022-04-11,0,0,18.9,204,0,44,356
2022-04-12,0,0,33.6,240,1,48,390
2022-04-13,0,0,34.3,211,0,42,349
2022-04-14,0,0,19.3,156,0,35,258
2022-04-15,0,0,27.3,218,0,42,332
2022-04-16,0,1,21.8,310,0,63,608
2022-04-17,0,1,31.8,293,0,55,456
2022-04-18,0,0,22.5,153,0,28,275
2022-04-19,0,0,24.6,151,0,27,289
2022-04-20,0,0,31.8,204,0,45,405
2022-04-21,0,0,18.2,165,0,31,250
2022-04-22,0,0,35.8,294,1,65,480
2022-04-23,0,1,31.9,255,0,49,476
2022-04-24,0,1,26.3,244,0,48,390
2022-04-25,0,0,33.6,291,1,61,488
2022-04-26,0,0,19.3,194,0,34,293
2022-04-27,0,0,29.6,140,0,32,216
2022-04-28,0,0,26.2,168,0,32,326
2022-04-29,0,0,27.6,151,0,30,250
2022-04-30,0,1,30.0,267,0,50,407
2022-05-01,0,1,34.0,304,0,60,500
2022-05-02,0,0,25.5,150,0,28,240
2022-05-03,0,0,28.2,189,0,41,335
2022-05-04,0,0,18.9,213,0,44,357
2022-05-05,0,0,35.6,217,0,47,348
2022-05-06,0,0,29.0,207,0,45,328
2022-05-07,0,1,21.1,309,0,62,506
2022-05-08,0,1,32.5,256,0,47,497
2022-05-09,0,0,23.5,184,0,42,346
2022-05-10,0,0,29.8,186,0,34,325
2022-05-11,0,0,33.8,171,0,34,298
2022-05-12,0,0,22.8,219,0,41,363
2022-05-13,0,0,22.8,263,1,60,444
2022-05-14,0,1,34.6,239,0,45,461
2022-05-15,0,1,26.4,289,0,54,505
2022-05-16,0,0,24.8,168,0,38,321
2022-05-17,0,0,19.6,148,0,26,283
2022-05-18,0,0,33.4,200,0,45,325
2022-05-19,0,0,26.7,211,0,40,389
2022-05-20,0,0,32.2,216,0,45,346
2022-05-21,0,1,35.4,268,0,57,486
2022-05-22,0,1,24.2,276,0,54,428
2022-05-23,0,0,26.3,142,0,27,222
2022-05-24,0,0,26.5,214,0,45,376
2022-05-25,0,0,18.3,185,0,37,315
2022-05-26,0,0,20.6,153,0,29,238
2022-05-27,0,0,31.6,205,0,44,377
2022-05-28,0,1,23.0,256,0,52,436
2022-05-29,0,1,33.4,275,0,51,508
2022-05-30,0,0,30.3,146,0,31,234
2022-05-31,0,0,27.5,140,0,32,231
2022-06-01,0,0,32.7,216,0,40,413
2022-06-02,0,0,30.4,198,0,37,358
2022-06-03,0,0,21.9,149,0,32,241
2022-06-04,0,1,22.7,258,0,53,422
2022-06-05,0,1,31.2,236,0,46,362
2022-06-06,0,0,27.1,195,0,43,337
2022-06-07,0,0,34.0,186,0,33,330
2022-06-08,0,0,30.4,170,0,38,324
2022-06-09,0,0,24.0,273,1,56,500
2022-06-10,0,0,28.7,172,0,29,271
2022-06-11,0,1,18.6,237,0,46,436
2022-06-12,0,1,24.1,299,0,60,537
2022-06-13,0,0,33.5,206,0,43,398
2022-06-14,0,0,20.1,156,0,30,286
2022-06-15,0,0,21.5,174,0,30,273
2022-06-16,0,0,20.7,206,0,40,314
2022-06-17,0,0,20.2,159,0,30,270
2022-06-18,0,1,27.2,236,0,48,443
2022-06-19,0,1,19.0,245,0,51,464
2022-06-20,0,0,32.0,203,0,37,317
2022-06-21,0,0,29.7,145,0,24,264
2022-06-22,0,0,20.2,209,0,47,368
2022-06-23,0,0,20.1,205,0,45,323
2022-06-24,0,0,19.7,141,0,25,233
2022-06-25,0,1,22.4,255,0,48,402
2022-06-26,0,1,21.8,259,0,57,422
2022-06-27,0,0,25.5,217,0,43,384
2022-06-28,0,0,26.6,166,0,37,250
2022-06-29,0,0,19.9,192,0,42,308
2022-06-30,0,0,32.8,179,0,41,283
2022-07-01,0,0,25.7,193,0,42,324
2022-07-02,0,1,20.4,278,0,59,435
2022-07-03,0,1,27.3,231,0,47,441
2022-07-04,1,0,18.8,327,0,70,518
2022-07-05,0,0,21.1,178,0,37,323
2022-07-06,0,0,33.8,185,0,39,298
2022-07-07,0,0,22.6,145,0,34,283
2022-07-08,0,0,25.3,208,0,44,331
2022-07-09,0,1,20.5,239,0,50,429
2022-07-10,0,1,24.9,301,0,62,581
2022-07-11,0,0,35.3,188,0,40,357
2022-07-12,0,0,24.2,185,0,37,347
2022-07-13,0,0,31.8,154,0,31,253
2022-07-14,0,0,23.3,296,1,58,476
2022-07-15,0,0,18.5,206,0,42,391
2022-07-16,0,1,26.8,259,0,57,392
2022-07-17,0,1,24.7,293,0,61,472
2022-07-18,0,0,23.9,165,0,37,259
2022-07-19,0,0,33.8,157,0,27,295
2022-07-20,0,0,19.6,154,0,30,262
2022-07-21,0,0,33.3,167,0,34,284
2022-07-22,0,0,21.9,206,0,44,395
2022-07-23,0,1,26.8,270,0,51,498
2022-07-24,0,1,29.1,289,0,59,514
2022-07-25,0,0,23.2,166,0,29,304
2022-07-26,0,0,33.8,152,0,26,229
2022-07-27,0,0,33.6,159,0,36,285
2022-07-28,0,0,28.3,163,0,38,321
2022-07-29,0,0,23.1,209,0,38,403
2022-07-30,0,1,28.5,286,0,58,490
2022-07-31,0,1,27.8,289,0,57,510
2022-08-01,0,0,26.9,163,0,31,284
2022-08-02,0,0,24.1,167,0,31,290
2022-08-03,0,0,20.3,197,0,40,356
2022-08-04,0,0,30.7,163,0,38,248
2022-08-05,0,0,30.2,188,0,40,354
2022-08-06,0,1,26.7,285,0,58,455
2022-08-07,0,1,32.1,306,0,65,567
2022-08-08,0,0,19.4,179,0,40,290
2022-08-09,0,0,19.3,214,0,41,391
2022-08-10,0,0,35.3,199,0,39,339
2022-08-11,0,0,22.5,198,0,39,356
2022-08-12,0,0,19.7,188,0,38,374
2022-08-13,0,1,26.5,279,0,52,546
2022-08-14,0,1,24.1,247,0,53,435
2022-08-15,0,0,24.0,163,0,31,269
2022-08-16,0,0,26.8,274,1,58,536
2022-08-17,0,0,33.2,199,0,39,368
2022-08-18,0,0,19.7,202,0,43,315
2022-08-19,0,0,28.0,162,0,36,275
2022-08-20,0,1,33.7,267,0,57,429
2022-08-21,0,1,23.6,279,0,54,486
2022-08-22,0,0,26.5,179,0,34,323
2022-08-23,0,0,21.9,144,0,33,264
2022-08-24,0,0,30.2,143,0,29,265
2022-08-25,0,0,23.9,199,0,37,343
2022-08-26,0,0,23.0,209,0,44,377
2022-08-27,0,1,20.9,243,0,46,401
2022-08-28,0,1,35.4,292,0,53,559
2022-08-29,0,0,23.8,172,0,31,279
2022-08-30,0,0,23.8,267,1,61,512
2022-08-31,0,0,22.5,157,0,29,310
2022-09-01,0,0,30.6,196,0,41,362
2022-09-02,0,0,31.5,163,0,36,269
2022-09-03,0,1,36.0,310,0,58,528
2022-09-04,0,1,24.0,288,0,55,536
2022-09-05,0,0,19.6,211,0,47,352
2022-09-06,0,0,30.3,216,0,47,407
2022-09-07,0,0,18.3,169,0,33,310
2022-09-08,0,0,32.7,220,0,49,381
2022-09-09,0,0,19.7,211,0,42,370
2022-09-10,0,1,18.9,251,0,47,418
2022-09-11,0,1,32.5,353,1,80,561
2022-09-12,0,0,35.4,206,0,44,346
2022-09-13,0,0,35.9,186,0,41,351
2022-09-14,0,0,30.4,149,0,34,291
2022-09-15,0,0,23.1,186,0,39,307
2022-09-16,0,0,22.3,165,0,28,309
2022-09-17,0,1,25.2,303,0,59,459
2022-09-18,0,1,34.5,363,1,80,622
2022-09-19,0,0,26.6,182,0,33,318
2022-09-20,0,0,28.8,146,0,30,251
2022-09-21,0,0,28.7,145,0,24,245
2022-09-22,0,0,25.9,170,0,36,312
2022-09-23,0,0,21.9,272,1,54,476
2022-09-24,0,1,29.8,293,0,57,479
2022-09-25,0,1,27.8,310,0,66,617
2022-09-26,0,0,24.6,184,0,38,284
2022-09-27,0,0,29.7,151,0,33,231
2022-09-28,0,0,29.6,212,0,41,335
2022-09-29,0,0,35.1,190,0,38,342
2022-09-30,0,0,27.7,187,0,34,362
2022-10-01,0,1,28.1,253,0,46,386
2022-10-02,0,1,21.0,274,0,52,437
2022-10-03,0,0,34.8,185,0,33,336
2022-10-04,0,0,25.1,168,0,38,302
2022-10-05,0,0,22.3,181,0,32,295
2022-10-06,0,0,33.9,195,0,35,375
2022-10-07,0,0,22.1,254,1,57,459
2022-10-08,0,1,18.5,269,0,57,438
2022-10-09,0,1,23.5,276,0,60,446
2022-10-10,0,0,30.0,143,0,27,263
2022-10-11,0,0,21.3,204,0,37,360
2022-10-12,0,0,31.2,167,0,36,281
2022-10-13,0,0,30.3,187,0,33,371
2022-10-14,0,0,22.7,214,0,47,409
2022-10-15,0,1,32.0,291,0,56,541
2022-10-16,0,1,25.9,296,0,57,566
2022-10-17,0,0,19.4,293,1,58,447
2022-10-18,0,0,26.5,291,1,62,536
2022-10-19,0,0,20.3,260,1,61,496
2022-10-20,0,0,35.3,164,0,30,263
2022-10-21,0,0,21.0,213,0,47,370
2022-10-22,0,1,25.5,258,0,55,488
2022-10-23,0,1,20.3,333,1,67,546
2022-10-24,0,0,29.8,151,0,27,285
2022-10-25,0,0,26.7,170,0,30,335
2022-10-26,0,0,27.3,295,1,68,502
2022-10-27,0,0,31.7,174,0,31,322
2022-10-28,0,0,30.1,273,1,54,450
2022-10-29,0,1,27.7,344,1,78,582
2022-10-30,0,1,30.1,299,0,64,560
2022-10-31,1,0,34.3,298,0,67,530
2022-11-01,0,0,21.2,184,0,40,281
2022-11-02,0,0,31.8,213,0,44,350
2022-11-03,0,0,24.9,159,0,27,269
2022-11-04,0,0,32.9,155,0,26,294
2022-11-05,0,1,35.8,286,0,57,438
2022-11-06,0,1,33.8,279,0,53,422
2022-11-07,0,0,31.5,182,0,34,290
2022-11-08,0,0,34.1,213,0,44,388
2022-11-09,0,0,29.3,200,0,41,336
2022-11-10,0,0,19.1,181,0,31,304
2022-11-11,0,0,27.7,280,1,63,478
2022-11-12,0,1,30.5,268,0,57,459
2022-11-13,0,1,26.9,259,0,49,405
2022-11-14,0,0,33.2,185,0,35,357
2022-11-15,0,0,20.1,211,0,38,359
2022-11-16,0,0,33.3,210,0,44,412
2022-11-17,0,0,35.4,219,0,43,412
2022-11-18,0,0,23.7,146,0,33,223
2022-11-19,0,1,18.4,356,1,74,664
2022-11-20,0,1,21.9,356,1,76,542
2022-11-21,0,0,32.4,174,0,33,280
2022-11-22,0,0,29.9,160,0,32,268
2022-11-23,0,0,19.4,150,0,34,294
2022-11-24,0,0,20.7,169,0,34,334
2022-11-25,1,0,28.6,307,0,70,544
2022-11-26,0,1,19.0,302,0,64,544
2022-11-27,0,1,21.2,260,0,50,505
2022-11-28,0,0,28.6,213,0,45,382
2022-11-29,0,0,23.5,172,0,37,288
2022-11-30,0,0,35.2,185,0,42,280
2022-12-01,0,0,23.2,173,0,37,285
2022-12-02,0,0,19.8,166,0,29,328
2022-12-03,0,1,29.8,264,0,58,423
2022-12-04,0,1,35.8,345,1,73,557
2022-12-05,0,0,24.3,237,1,54,441
2022-12-06,0,0,35.2,149,0,30,267
2022-12-07,0,0,23.3,206,0,45,395
2022-12-08,0,0,27.1,157,0,35,309
2022-12-09,0,0,22.5,193,0,39,333
2022-12-10,0,1,21.4,281,0,56,426
2022-12-11,0,1,24.7,254,0,51,394
2022-12-12,0,0,25.1,152,0,29,242
2022-12-13,0,0,31.8,217,0,48,331
2022-12-14,0,0,18.5,141,0,27,215
2022-12-15,0,0,19.3,210,0,39,336
2022-12-16,0,0,29.7,150,0,35,268
2022-12-17,0,1,23.8,283,0,62,551
2022-12-18,0,1,28.8,235,0,43,407
2022-12-19,0,0,22.6,212,0,40,423
2022-12-20,0,0,19.5,143,0,29,243
2022-12-21,0,0,27.8,178,0,33,303
2022-12-22,0,0,19.9,159,0,30,265
2022-12-23,0,0,31.0,165,0,30,253
2022-12-24,1,1,22.7,370,0,74,734
2022-12-25,1,1,33.4,397,0,84,661
2022-12-26,0,0,28.8,180,0,31,270
2022-12-27,0,0,25.5,143,0,26,229
2022-12-28,0,0,23.3,172,0,39,319
2022-12-29,0,0,31.1,197,0,36,363
2022-12-30,0,0,19.6,170,0,30,296
2022-12-31,1,1,31.2,429,0,93,752
2023-01-01,1,1,32.6,378,0,84,584
2023-01-02,0,0,27.0,160,0,36,306
2023-01-03,0,0,35.2,246,1,58,371
2023-01-04,0,0,26.0,182,0,38,303
2023-01-05,0,0,33.4,144,0,31,250
2023-01-06,0,0,19.8,162,0,29,321
2023-01-07,0,1,19.0,302,0,65,559
2023-01-08,0,1,33.8,280,0,58,530
2023-01-09,0,0,22.6,199,0,39,335
2023-01-10,0,0,22.6,156,0,32,271
2023-01-11,0,0,31.0,151,0,34,231
2023-01-12,0,0,23.5,179,0,35,356
2023-01-13,0,0,24.9,189,0,42,363
2023-01-14,0,1,19.7,286,0,62,566
2023-01-15,0,1,26.8,296,0,63,480
2023-01-16,0,0,25.2,223,1,51,389
2023-01-17,0,0,30.4,198,0,38,362
2023-01-18,0,0,32.5,176,0,32,278
2023-01-19,0,0,35.6,181,0,31,360
2023-01-20,0,0,32.2,201,0,42,389
2023-01-21,0,1,31.6,310,0,63,532
2023-01-22,0,1,31.0,274,0,53,428
2023-01-23,0,0,24.2,184,0,32,289
2023-01-24,0,0,30.3,170,0,33,272
2023-01-25,0,0,24.1,234,1,47,424
2023-01-26,0,0,31.6,213,0,47,370
2023-01-27,0,0,33.8,173,0,36,322
2023-01-28,0,1,31.5,282,0,51,464
2023-01-29,0,1,22.3,235,0,52,468
2023-01-30,0,0,30.1,247,1,53,381
2023-01-31,0,0,31.6,225,1,46,365
2023-02-01,0,0,28.7,203,0,37,357
2023-02-02,0,0,34.1,190,0,40,347
2023-02-03,0,0,29.0,218,0,45,411
2023-02-04,0,1,27.0,283,0,55,505
2023-02-05,0,1,22.6,302,0,60,576
2023-02-06,0,0,30.3,184,0,38,348
2023-02-07,0,0,27.5,205,0,44,350
2023-02-08,0,0,21.8,152,0,34,230
2023-02-09,0,0,20.4,152,0,27,247
2023-02-10,0,0,28.9,206,0,41,404
2023-02-11,0,1,30.0,259,0,51,516
2023-02-12,0,1,20.1,279,0,55,419
2023-02-13,0,0,32.5,173,0,38,281
2023-02-14,1,0,27.8,283,0,62,469
2023-02-15,0,0,30.0,184,0,42,291
2023-02-16,0,0,24.0,210,0,46,365
2023-02-17,0,0,19.9,209,0,43,412
2023-02-18,0,1,24.8,349,1,78,629
2023-02-19,0,1,33.9,290,0,55,442
2023-02-20,0,0,31.4,179,0,41,326
2023-02-21,0,0,19.5,220,0,40,390
2023-02-22,0,0,29.3,162,0,36,300
2023-02-23,0,0,26.3,191,0,36,335
2023-02-24,0,0,35.8,173,0,35,276
2023-02-25,0,1,29.6,268,0,58,423
2023-02-26,0,1,20.8,280,0,57,476
2023-02-27,0,0,24.1,182,0,41,325
2023-02-28,0,0,35.4,180,0,36,336
2023-03-01,0,0,29.4,156,0,34,268
2023-03-02,0,0,33.7,164,0,28,248
2023-03-03,0,0,19.9,167,0,38,303
2023-03-04,0,1,21.3,290,0,59,515
2023-03-05,0,1,34.1,254,0,47,499
2023-03-06,0,0,27.6,150,0,26,283
2023-03-07,0,0,32.4,161,0,28,262
2023-03-08,0,0,32.5,165,0,30,258
2023-03-09,0,0,34.8,147,0,29,240
2023-03-10,0,0,31.2,184,0,36,332
2023-03-11,0,1,19.4,295,0,54,528
2023-03-12,0,1,24.4,272,0,55,465
2023-03-13,0,0,31.5,223,1,50,385
2023-03-14,0,0,34.0,168,0,29,324
2023-03-15,0,0,32.2,194,0,44,348
2023-03-16,0,0,27.1,144,0,26,246
2023-03-17,0,0,30.3,140,0,28,232
2023-03-18,0,1,19.5,262,0,50,452
2023-03-19,0,1,20.7,349,1,75,646
2023-03-20,0,0,19.7,187,0,42,339
2023-03-21,0,0,21.9,167,0,30,309
2023-03-22,0,0,34.9,183,0,34,334
2023-03-23,0,0,18.2,206,0,45,373
2023-03-24,0,0,27.3,150,0,31,274
2023-03-25,0,1,24.4,241,0,53,476
2023-03-26,0,1,33.2,242,0,52,441
2023-03-27,0,0,19.5,210,0,47,327
2023-03-28,0,0,32.3,202,0,42,384
2023-03-29,0,0,30.6,179,0,39,308
2023-03-30,0,0,28.4,202,0,45,361
2023-03-31,0,0,34.7,175,0,38,308
2023-04-01,0,1,22.4,267,0,53,467
2023-04-02,0,1,21.7,236,0,49,381
2023-04-03,0,0,27.9,187,0,41,289
2023-04-04,0,0,31.3,180,0,34,318
2023-04-05,0,0,24.9,171,0,34,315
2023-04-06,0,0,35.9,269,1,58,478
2023-04-07,0,0,26.6,152,0,31,248
2023-04-08,0,1,34.9,274,0,54,490
2023-04-09,0,1,22.3,299,0,63,557
2023-04-10,0,0,18.3,212,0,45,410
2023-04-11,0,0,29.1,165,0,29,321
2023-04-12,0,0,26.4,151,0,27,230
2023-04-13,0,0,25.4,163,0,32,259
2023-04-14,0,0,21.6,162,0,37,283
2023-04-15,0,1,21.3,235,0,51,453
2023-04-16,0,1,33.6,272,0,57,457
2023-04-17,0,0,34.5,216,0,41,412
2023-04-18,0,0,35.5,191,0,40,344
2023-04-19,0,0,20.1,176,0,35,320
2023-04-20,0,0,19.5,195,0,44,338
2023-04-21,0,0,25.8,217,0,38,358
2023-04-22,0,1,25.4,303,0,63,477
2023-04-23,0,1,20.1,244,0,45,479
2023-04-24,0,0,35.8,183,0,41,338
2023-04-25,0,0,20.4,142,0,31,223
2023-04-26,0,0,32.2,175,0,34,306
2023-04-27,0,0,33.9,207,0,43,393
2023-04-28,0,0,26.4,179,0,31,306
2023-04-29,0,1,24.5,352,1,71,531
2023-04-30,0,1,19.6,288,0,60,550
2023-05-01,0,0,28.8,186,0,36,292
2023-05-02,0,0,19.5,162,0,34,321
2023-05-03,0,0,28.2,203,0,38,382
2023-05-04,0,0,18.7,174,0,33,311
2023-05-05,0,0,29.9,192,0,42,332
2023-05-06,0,1,34.3,241,0,52,477
2023-05-07,0,1,34.8,298,0,59,570
2023-05-08,0,0,25.6,194,0,36,376
2023-05-09,0,0,20.5,180,0,38,349
2023-05-10,0,0,26.2,212,0,37,339
2023-05-11,0,0,26.8,175,0,31,306
2023-05-12,0,0,31.9,182,0,38,337
2023-05-13,0,1,22.7,263,0,52,402
2023-05-14,0,1,20.5,238,0,48,414
2023-05-15,0,0,23.4,199,0,45,300
2023-05-16,0,0,21.7,200,0,41,374
2023-05-17,0,0,29.9,169,0,38,279
2023-05-18,0,0,24.4,171,0,35,298
2023-05-19,0,0,19.7,218,0,45,401
2023-05-20,0,1,24.8,263,0,51,500
2023-05-21,0,1,28.8,249,0,50,401
2023-05-22,0,0,19.4,150,0,29,242
2023-05-23,0,0,21.7,170,0,37,297
2023-05-24,0,0,21.2,209,0,42,358
2023-05-25,0,0,35.4,141,0,30,267
2023-05-26,0,0,25.3,148,0,27,240
2023-05-27,0,1,26.1,237,0,51,360
2023-05-28,0,1,20.6,253,0,50,402
2023-05-29,0,0,31.7,185,0,33,337
2023-05-30,0,0,19.0,143,0,29,239
2023-05-31,0,0,23.5,162,0,28,290
2023-06-01,0,0,29.6,217,0,41,388
2023-06-02,0,0,31.3,164,0,38,249
2023-06-03,0,1,24.6,301,0,60,557
2023-06-04,0,1,26.5,276,0,52,539
2023-06-05,0,0,29.4,174,0,35,297
2023-06-06,0,0,23.7,218,0,43,355
2023-06-07,0,0,24.5,240,1,50,409
2023-06-08,0,0,23.7,188,0,34,345
2023-06-09,0,0,31.9,154,0,28,285
2023-06-10,0,1,24.4,254,0,53,423
2023-06-11,0,1,18.7,284,0,60,467
2023-06-12,0,0,29.1,188,0,35,282
2023-06-13,0,0,26.3,215,0,43,376
2023-06-14,0,0,26.2,143,0,31,217
2023-06-15,0,0,25.9,164,0,36,327
2023-06-16,0,0,26.7,172,0,38,284
2023-06-17,0,1,30.0,239,0,50,464
2023-06-18,0,1,22.3,262,0,48,433
2023-06-19,0,0,21.7,163,0,32,307
2023-06-20,0,0,18.2,192,0,38,318
2023-06-21,0,0,35.6,200,0,36,354
2023-06-22,0,0,19.5,216,0,38,341
2023-06-23,0,0,19.7,143,0,32,273
2023-06-24,0,1,21.2,385,1,84,669
2023-06-25,0,1,30.7,252,0,47,394
2023-06-26,0,0,19.9,189,0,34,325
2023-06-27,0,0,19.0,189,0,40,341
2023-06-28,0,0,33.6,161,0,32,264
2023-06-29,0,0,23.3,186,0,34,369
2023-06-30,0,0,18.4,218,0,48,382
2023-07-01,0,1,22.0,237,0,51,366
2023-07-02,0,1,18.0,234,0,52,451
2023-07-03,0,0,35.8,164,0,33,279
2023-07-04,1,0,21.7,330,0,71,655
2023-07-05,0,0,23.7,179,0,31,296
2023-07-06,0,0,28.4,184,0,42,320
2023-07-07,0,0,22.4,188,0,40,302
2023-07-08,0,1,23.8,282,0,53,515
2023-07-09,0,1,24.2,293,0,56,496
2023-07-10,0,0,29.8,149,0,30,278
2023-07-11,0,0,19.4,300,1,59,487
2023-07-12,0,0,21.2,232,1,52,399
2023-07-13,0,0,28.3,216,0,41,356
2023-07-14,0,0,20.5,165,0,31,286
2023-07-15,0,1,24.6,263,0,53,426
2023-07-16,0,1,23.8,306,0,64,594
2023-07-17,0,0,21.5,150,0,31,266
2023-07-18,0,0,33.2,154,0,33,255
2023-07-19,0,0,26.6,207,0,44,411
2023-07-20,0,0,20.0,173,0,32,328
2023-07-21,0,0,35.1,233,1,51,443
2023-07-22,0,1,29.0,275,0,56,539
2023-07-23,0,1,32.2,287,0,60,530
2023-07-24,0,0,26.9,188,0,40,307
2023-07-25,0,0,20.0,173,0,30,285
2023-07-26,0,0,31.9,286,1,65,546
2023-07-27,0,0,33.7,205,0,40,352
2023-07-28,0,0,18.2,142,0,32,259
2023-07-29,0,1,33.6,262,0,48,455
2023-07-30,0,1,30.4,370,1,76,697
2023-07-31,0,0,29.0,179,0,34,273
2023-08-01,0,0,26.2,184,0,39,362
2023-08-02,0,0,18.7,192,0,33,331
2023-08-03,0,0,28.6,207,0,40,351
2023-08-04,0,0,23.7,207,0,46,375
2023-08-05,0,1,18.2,266,0,54,437
2023-08-06,0,1,36.0,303,0,62,583
2023-08-07,0,0,32.0,157,0,34,258
2023-08-08,0,0,27.8,166,0,32,256
2023-08-09,0,0,32.4,178,0,37,337
2023-08-10,0,0,34.8,191,0,35,301
2023-08-11,0,0,20.6,219,0,39,372
2023-08-12,0,1,20.6,265,0,52,450
2023-08-13,0,1,29.9,370,1,73,737
2023-08-14,0,0,27.7,176,0,34,274
2023-08-15,0,0,27.3,189,0,36,346
2023-08-16,0,0,34.4,153,0,33,273
2023-08-17,0,0,18.1,253,1,51,402
2023-08-18,0,0,35.1,202,0,44,311
2023-08-19,0,1,18.1,303,0,64,557
2023-08-20,0,1,23.1,285,0,56,482
2023-08-21,0,0,19.8,169,0,31,309
2023-08-22,0,0,31.4,157,0,31,306
2023-08-23,0,0,27.7,242,1,54,399
2023-08-24,0,0,26.6,215,0,41,419
2023-08-25,0,0,33.2,202,0,38,332
2023-08-26,0,1,29.7,303,0,59,481
2023-08-27,0,1,28.2,231,0,51,346
2023-08-28,0,0,28.0,150,0,29,274
2023-08-29,0,0,20.8,194,0,40,331
2023-08-30,0,0,32.9,206,0,36,399
2023-08-31,0,0,27.7,185,0,35,344
2023-09-01,0,0,28.2,216,0,46,390
2023-09-02,0,1,24.8,308,0,67,590
2023-09-03,0,1,21.7,297,0,54,476
2023-09-04,0,0,26.1,187,0,32,337
2023-09-05,0,0,18.0,174,0,33,340
2023-09-06,0,0,21.3,158,0,36,274
2023-09-07,0,0,28.6,197,0,41,379
2023-09-08,0,0,24.1,162,0,33,249
2023-09-09,0,1,28.2,260,0,48,506
2023-09-10,0,1,23.5,305,0,56,589
2023-09-11,0,0,29.3,190,0,36,293
2023-09-12,0,0,32.1,157,0,27,277
2023-09-13,0,0,30.6,182,0,31,334
2023-09-14,0,0,18.9,207,0,45,413
2023-09-15,0,0,20.4,212,0,42,359
2023-09-16,0,1,19.3,258,0,56,438
2023-09-17,0,1,31.9,309,0,60,517
2023-09-18,0,0,30.5,176,0,40,321
2023-09-19,0,0,19.1,201,0,41,308
2023-09-20,0,0,28.3,255,1,58,477
2023-09-21,0,0,25.2,148,0,26,244
2023-09-22,0,0,19.0,220,0,46,337
2023-09-23,0,1,26.3,284,0,52,516
2023-09-24,0,1,20.0,266,0,49,509
2023-09-25,0,0,22.8,187,0,35,320
2023-09-26,0,0,29.2,141,0,25,229
2023-09-27,0,0,21.6,184,0,37,358
2023-09-28,0,0,27.2,140,0,23,241
2023-09-29,0,0,26.7,206,0,37,358
2023-09-30,0,1,29.7,285,0,52,543
2023-10-01,0,1,18.2,276,0,53,485
2023-10-02,0,0,34.4,215,0,39,367
2023-10-03,0,0,21.9,163,0,31,293
2023-10-04,0,0,29.0,156,0,30,279
2023-10-05,0,0,29.3,231,1,49,416
2023-10-06,0,0,33.1,170,0,38,295
2023-10-07,0,1,35.6,274,0,58,414
2023-10-08,0,1,30.3,233,0,51,380
2023-10-09,0,0,22.4,211,0,42,358
2023-10-10,0,0,23.2,162,0,31,255
2023-10-11,0,0,22.5,186,0,37,340
2023-10-12,0,0,25.7,220,0,40,369
2023-10-13,0,0,28.6,241,1,54,373
2023-10-14,0,1,32.9,252,0,48,388
2023-10-15,0,1,34.0,232,0,46,375
2023-10-16,0,0,22.8,175,0,37,290
2023-10-17,0,0,20.6,151,0,31,279
2023-10-18,0,0,34.0,206,0,37,367
2023-10-19,0,0,23.3,152,0,27,241
2023-10-20,0,0,33.3,188,0,42,368
2023-10-21,0,1,22.9,261,0,50,412
2023-10-22,0,1,32.1,256,0,47,432
2023-10-23,0,0,33.8,177,0,30,344
2023-10-24,0,0,28.8,205,0,36,343
2023-10-25,0,0,33.3,202,0,38,387
2023-10-26,0,0,19.2,194,0,44,379
2023-10-27,0,0,22.4,189,0,37,354
2023-10-28,0,1,27.3,270,0,58,451
2023-10-29,0,1,21.4,239,0,43,412
2023-10-30,0,0,25.0,216,0,40,410
2023-10-31,1,0,18.0,286,0,63,557
2023-11-01,0,0,23.9,164,0,29,316
2023-11-02,0,0,35.6,219,0,47,347
2023-11-03,0,0,28.6,175,0,32,262
2023-11-04,0,1,25.4,241,0,48,380
2023-11-05,0,1,30.3,261,0,47,397
2023-11-06,0,0,25.8,193,0,42,372
2023-11-07,0,0,25.1,218,0,43,327
2023-11-08,0,0,25.4,176,0,39,268
2023-11-09,0,0,26.1,189,0,34,342
2023-11-10,0,0,24.2,164,0,35,318
2023-11-11,0,1,18.0,303,0,59,487
2023-11-12,0,1,26.3,275,0,59,430
2023-11-13,0,0,32.3,147,0,31,257
2023-11-14,0,0,27.3,220,1,52,371
2023-11-15,0,0,28.3,202,0,40,366
2023-11-16,0,0,27.6,231,1,46,458
2023-11-17,0,0,34.9,152,0,33,303
2023-11-18,0,1,26.8,250,0,53,435
2023-11-19,0,1,25.4,243,0,51,435
2023-11-20,0,0,28.7,276,1,58,444
2023-11-21,0,0,26.4,185,0,38,352
2023-11-22,0,0,27.7,175,0,36,305
2023-11-23,0,0,19.6,185,0,38,318
2023-11-24,0,0,35.2,234,1,55,379
2023-11-25,1,1,34.9,354,0,72,578
2023-11-26,0,1,28.6,246,0,45,487
2023-11-27,0,0,19.9,217,0,46,364
2023-11-28,0,0,33.0,214,0,39,388
2023-11-29,0,0,19.7,158,0,27,285
2023-11-30,0,0,18.5,200,0,39,350
2023-12-01,0,0,24.0,206,0,41,323
2023-12-02,0,1,21.4,233,0,48,393
2023-12-03,0,1,34.7,286,0,56,472
2023-12-04,0,0,20.7,194,0,39,329
2023-12-05,0,0,33.9,190,0,38,288
2023-12-06,0,0,19.4,162,0,29,313
2023-12-07,0,0,31.4,150,0,32,228
2023-12-08,0,0,23.5,200,0,37,347
2023-12-09,0,1,18.2,301,0,62,499
2023-12-10,0,1,28.3,307,0,57,557
2023-12-11,0,0,33.7,165,0,36,318
2023-12-12,0,0,21.8,190,0,39,314
2023-12-13,0,0,26.9,172,0,31,290
2023-12-14,0,0,34.8,191,0,40,373
2023-12-15,0,0,34.9,193,0,43,314
2023-12-16,0,1,18.6,260,0,56,476
2023-12-17,0,1,19.4,263,0,56,440
2023-12-18,0,0,25.4,174,0,38,273
2023-12-19,0,0,19.4,210,0,38,387
2023-12-20,0,0,34.4,175,0,40,266
2023-12-21,0,0,26.2,207,0,38,327
2023-12-22,0,0,26.8,170,0,31,271
2023-12-23,0,1,29.7,230,0,42,377
2023-12-24,1,1,26.6,487,1,100,883
2023-12-25,1,0,20.3,397,1,84,772
2023-12-26,0,0,23.8,209,0,41,320
2023-12-27,0,0,19.0,146,0,28,262
2023-12-28,0,0,20.7,206,0,44,377
2023-12-29,0,0,31.6,190,0,38,356
2023-12-30,0,1,29.0,290,0,57,465
2023-12-31,1,1,32.0,500,1,100,753
2024-01-01,1,0,27.3,318,0,64,623
2024-01-02,0,0,28.2,158,0,31,237
2024-01-03,0,0,33.1,206,0,38,382
2024-01-04,0,0,25.9,163,0,31,299
2024-01-05,0,0,28.9,190,0,34,348
2024-01-06,0,1,23.8,386,1,78,771
2024-01-07,0,1,20.4,288,0,57,505
2024-01-08,0,0,24.0,193,0,39,303
2024-01-09,0,0,31.5,151,0,32,298
2024-01-10,0,0,23.4,144,0,33,249
2024-01-11,0,0,22.8,211,0,39,362
2024-01-12,0,0,34.0,172,0,39,329
2024-01-13,0,1,21.7,234,0,43,371
2024-01-14,0,1,28.0,230,0,47,415
2024-01-15,0,0,31.9,140,0,25,249
2024-01-16,0,0,23.7,195,0,43,296
2024-01-17,0,0,26.7,146,0,29,274
2024-01-18,0,0,33.6,217,0,45,356
2024-01-19,0,0,26.9,191,0,43,287
2024-01-20,0,1,26.0,299,0,59,565
2024-01-21,0,1,32.5,390,1,85,632
2024-01-22,0,0,26.2,205,0,43,389
2024-01-23,0,0,22.5,171,0,31,297
2024-01-24,0,0,20.9,183,0,36,294
2024-01-25,0,0,18.1,157,0,31,264
2024-01-26,0,0,19.6,142,0,24,236
2024-01-27,0,1,33.9,355,1,77,582
2024-01-28,0,1,21.5,305,0,63,554
2024-01-29,0,0,18.7,162,0,33,249
2024-01-30,0,0,19.1,282,1,56,534
2024-01-31,0,0,26.8,203,0,36,328
2024-02-01,0,0,27.0,172,0,33,332
2024-02-02,0,0,32.2,209,0,44,403
2024-02-03,0,1,28.7,270,0,53,536
2024-02-04,0,1,30.8,265,0,50,515
2024-02-05,0,0,34.8,178,0,36,310
2024-02-06,0,0,25.3,211,0,40,340
2024-02-07,0,0,31.9,194,0,35,384
2024-02-08,0,0,31.3,189,0,42,296
2024-02-09,0,0,35.0,146,0,26,264
2024-02-10,0,1,20.8,308,0,58,472
2024-02-11,0,1,27.0,230,0,49,428
2024-02-12,0,0,33.0,216,0,42,409
2024-02-13,0,0,25.9,233,1,46,351
2024-02-14,1,0,27.6,279,0,64,519
2024-02-15,0,0,32.6,149,0,31,256
2024-02-16,0,0,32.2,148,0,26,289
2024-02-17,0,1,18.3,316,1,69,584
2024-02-18,0,1,25.9,372,1,79,714
2024-02-19,0,0,27.5,156,0,29,284
2024-02-20,0,0,30.8,153,0,30,248
2024-02-21,0,0,24.7,179,0,38,350
2024-02-22,0,0,27.8,194,0,42,315
2024-02-23,0,0,25.7,151,0,30,259
2024-02-24,0,1,30.3,249,0,51,486
2024-02-25,0,1,33.5,262,0,54,420
2024-02-26,0,0,19.5,172,0,38,280
2024-02-27,0,0,32.1,174,0,35,272
2024-02-28,0,0,22.6,214,0,40,325
2024-02-29,0,0,32.2,184,0,37,338
2024-03-01,0,0,35.3,151,0,32,233
2024-03-02,0,1,21.2,323,1,64,486
2024-03-03,0,1,19.6,282,0,56,527
2024-03-04,0,0,18.8,218,0,40,327
2024-03-05,0,0,35.3,150,0,31,225
2024-03-06,0,0,18.6,188,0,37,342
2024-03-07,0,0,23.8,141,0,25,274
2024-03-08,0,0,26.9,200,0,41,330
2024-03-09,0,1,25.9,246,0,45,468
2024-03-10,0,1,21.5,310,0,66,492
2024-03-11,0,0,26.5,184,0,38,284
2024-03-12,0,0,23.3,185,0,40,343
2024-03-13,0,0,31.8,171,0,34,300
2024-03-14,0,0,29.3,202,0,40,335
2024-03-15,0,0,36.0,200,0,36,385
2024-03-16,0,1,22.8,268,0,55,460
2024-03-17,0,1,28.8,270,0,58,409
2024-03-18,0,0,20.6,242,1,56,477
2024-03-19,0,0,32.6,152,0,27,236
2024-03-20,0,0,27.2,158,0,36,262
2024-03-21,0,0,34.6,159,0,32,254
2024-03-22,0,0,34.1,153,0,27,244
2024-03-23,0,1,29.5,310,0,64,466
2024-03-24,0,1,19.5,290,0,59,440
2024-03-25,0,0,25.8,156,0,30,308
2024-03-26,0,0,25.5,191,0,35,365
2024-03-27,0,0,23.6,205,0,36,387
2024-03-28,0,0,31.3,166,0,32,293
2024-03-29,0,0,30.3,177,0,33,326
2024-03-30,0,1,25.5,262,0,50,438
2024-03-31,0,1,31.4,266,0,49,410
2024-04-01,0,0,22.0,178,0,39,346
2024-04-02,0,0,19.8,183,0,35,355
2024-04-03,0,0,27.8,248,1,52,377
2024-04-04,0,0,29.3,219,0,39,333
2024-04-05,0,0,29.8,154,0,27,294
2024-04-06,0,1,26.4,234,0,51,426
2024-04-07,0,1,35.6,293,0,61,454
2024-04-08,0,0,24.6,299,1,69,576
2024-04-09,0,0,29.2,213,0,43,403
2024-04-10,0,0,20.0,154,0,36,236
2024-04-11,0,0,28.5,219,0,48,337
2024-04-12,0,0,32.6,171,0,33,282
2024-04-13,0,1,33.2,348,1,78,647
2024-04-14,0,1,23.9,268,0,53,465
2024-04-15,0,0,26.2,214,0,47,356
2024-04-16,0,0,19.7,147,0,27,264
2024-04-17,0,0,24.3,190,0,38,368
2024-04-18,0,0,29.0,194,0,37,377
2024-04-19,0,0,35.7,176,0,34,270
2024-04-20,0,1,33.8,315,1,65,526
2024-04-21,0,1,18.3,343,1,73,592
2024-04-22,0,0,20.6,175,0,32,297
2024-04-23,0,0,32.7,217,0,48,371
2024-04-24,0,0,21.9,197,0,36,305
2024-04-25,0,0,20.5,186,0,36,332
2024-04-26,0,0,22.0,174,0,36,345
2024-04-27,0,1,28.0,255,0,55,414
2024-04-28,0,1,18.9,250,0,45,396
2024-04-29,0,0,30.4,141,0,28,266
2024-04-30,0,0,23.6,216,0,47,334
2024-05-01,0,0,19.9,214,0,43,427
2024-05-02,0,0,35.6,207,0,36,405
2024-05-03,0,0,33.2,165,0,32,251
2024-05-04,0,1,20.3,236,0,51,407
2024-05-05,0,1,35.2,259,0,57,464
2024-05-06,0,0,31.3,217,0,41,409
2024-05-07,0,0,24.3,147,0,32,235
2024-05-08,0,0,29.2,140,0,24,275
2024-05-09,0,0,31.8,180,0,41,320
2024-05-10,0,0,32.8,170,0,37,320
2024-05-11,0,1,30.9,266,0,49,498
2024-05-12,0,1,32.7,251,0,55,436
2024-05-13,0,0,28.1,190,0,40,377
2024-05-14,0,0,35.4,187,0,36,283
2024-05-15,0,0,28.5,194,0,39,335
2024-05-16,0,0,26.0,146,0,26,256
2024-05-17,0,0,28.1,146,0,25,289
2024-05-18,0,1,25.7,278,0,53,471
2024-05-19,0,1,25.2,245,0,49,473
2024-05-20,0,0,19.9,212,0,44,413
2024-05-21,0,0,21.0,190,0,33,373
2024-05-22,0,0,27.9,174,0,34,303
2024-05-23,0,0,30.4,143,0,26,243
2024-05-24,0,0,31.9,205,0,42,404
2024-05-25,0,1,24.6,270,0,51,525
2024-05-26,0,1,33.3,259,0,56,473
2024-05-27,0,0,26.9,215,0,46,372
2024-05-28,0,0,30.5,145,0,25,230
2024-05-29,0,0,24.0,216,0,43,389
2024-05-30,0,0,19.9,225,1,50,392
2024-05-31,0,0,18.9,198,0,41,300
2024-06-01,0,1,25.3,299,0,64,475
2024-06-02,0,1,20.8,270,0,49,426
2024-06-03,0,0,29.7,154,0,35,267
2024-06-04,0,0,26.6,211,0,38,335
2024-06-05,0,0,30.4,180,0,34,324
2024-06-06,0,0,34.5,219,0,41,345
2024-06-07,0,0,21.7,169,0,34,295
2024-06-08,0,1,34.2,302,0,61,476
2024-06-09,0,1,21.2,268,0,51,468
2024-06-10,0,0,29.5,184,0,38,312
2024-06-11,0,0,26.9,163,0,30,259
2024-06-12,0,0,30.9,152,0,28,250
2024-06-13,0,0,19.9,219,0,43,355
2024-06-14,0,0,28.2,155,0,28,255
2024-06-15,0,1,22.4,330,1,67,622
2024-06-16,0,1,29.4,275,0,56,545
2024-06-17,0,0,29.0,186,0,40,324
2024-06-18,0,0,27.2,167,0,28,293
2024-06-19,0,0,30.9,141,0,31,223
2024-06-20,0,0,19.1,183,0,38,308
2024-06-21,0,0,24.5,162,0,37,257
2024-06-22,0,1,33.3,284,0,60,442
2024-06-23,0,1,22.8,306,0,66,606
2024-06-24,0,0,25.6,186,0,42,353
2024-06-25,0,0,31.2,144,0,31,250
2024-06-26,0,0,20.9,184,0,39,328
2024-06-27,0,0,34.6,193,0,36,334
2024-06-28,0,0,23.5,146,0,32,226
2024-06-29,0,1,27.2,258,0,47,504
2024-06-30,0,1,28.9,310,0,67,504
2024-07-01,0,0,21.4,265,1,59,527
2024-07-02,0,0,33.0,143,0,27,233
2024-07-03,0,0,32.6,213,0,47,406
2024-07-04,1,0,28.1,305,0,62,519
2024-07-05,0,0,29.3,205,0,46,328
2024-07-06,0,1,28.6,255,0,51,490
2024-07-07,0,1,35.3,264,0,49,486
2024-07-08,0,0,19.4,199,0,42,382
2024-07-09,0,0,22.2,164,0,28,294
2024-07-10,0,0,23.1,278,1,59,493
2024-07-11,0,0,35.5,208,0,40,323
2024-07-12,0,0,32.0,163,0,38,299
2024-07-13,0,1,23.9,236,0,47,356
2024-07-14,0,1,18.3,298,0,60,456
2024-07-15,0,0,20.2,215,0,39,335
2024-07-16,0,0,22.4,203,0,45,364
2024-07-17,0,0,21.2,144,0,25,243
2024-07-18,0,0,28.5,189,0,35,368
2024-07-19,0,0,33.3,184,0,40,317
2024-07-20,0,1,30.4,313,1,62,600
2024-07-21,0,1,35.6,303,0,61,502
2024-07-22,0,0,20.8,212,0,46,359
2024-07-23,0,0,21.7,190,0,34,370
2024-07-24,0,0,31.7,169,0,38,267
2024-07-25,0,0,27.8,208,0,47,382
2024-07-26,0,0,19.9,185,0,34,358
2024-07-27,0,1,22.6,351,1,79,655
2024-07-28,0,1,22.8,264,0,57,448
2024-07-29,0,0,28.1,205,0,42,398
2024-07-30,0,0,28.0,184,0,32,346
2024-07-31,0,0,25.7,232,1,55,395
2024-08-01,0,0,36.0,210,0,37,376
2024-08-02,0,0,26.3,212,0,47,418
2024-08-03,0,1,18.2,241,0,44,396
2024-08-04,0,1,27.3,251,0,48,422
2024-08-05,0,0,33.8,179,0,37,299
2024-08-06,0,0,27.9,163,0,35,253
2024-08-07,0,0,21.1,183,0,40,353
2024-08-08,0,0,34.0,170,0,29,291
2024-08-09,0,0,25.8,193,0,34,315
2024-08-10,0,1,20.1,293,0,55,514
2024-08-11,0,1,25.3,255,0,47,408
2024-08-12,0,0,24.9,183,0,41,274
2024-08-13,0,0,29.5,164,0,31,280
2024-08-14,0,0,22.7,168,0,38,305
2024-08-15,0,0,22.6,192,0,35,358
2024-08-16,0,0,18.9,191,0,35,325
2024-08-17,0,1,22.5,278,0,59,418
2024-08-18,0,1,26.8,286,0,56,452
2024-08-19,0,0,34.1,216,0,47,330
2024-08-20,0,0,30.8,157,0,32,266
2024-08-21,0,0,22.3,140,0,25,277
2024-08-22,0,0,18.1,200,0,38,387
2024-08-23,0,0,20.7,180,0,40,276
2024-08-24,0,1,32.4,270,0,59,481
2024-08-25,0,1,22.3,274,0,50,517
2024-08-26,0,0,35.7,154,0,31,304
2024-08-27,0,0,28.4,169,0,39,320
2024-08-28,0,0,34.5,214,0,42,359
2024-08-29,0,0,34.3,289,1,67,450
2024-08-30,0,0,25.1,165,0,30,316
2024-08-31,0,1,24.5,244,0,53,404
2024-09-01,0,1,26.4,306,0,65,496
2024-09-02,0,0,25.5,144,0,31,239
2024-09-03,0,0,28.7,199,0,44,397
2024-09-04,0,0,21.7,181,0,35,358
2024-09-05,0,0,27.4,192,0,36,359
2024-09-06,0,0,22.9,202,0,40,335
2024-09-07,0,1,32.8,379,1,82,728
2024-09-08,0,1,27.2,286,0,53,449
2024-09-09,0,0,33.0,276,1,60,449
2024-09-10,0,0,19.3,218,0,43,406
2024-09-11,0,0,27.1,173,0,34,341
2024-09-12,0,0,21.3,183,0,32,298
2024-09-13,0,0,32.6,213,0,43,392
2024-09-14,0,1,23.9,300,0,63,553
2024-09-15,0,1,33.3,301,0,65,498
2024-09-16,0,0,35.1,147,0,32,274
2024-09-17,0,0,33.2,161,0,33,311
2024-09-18,0,0,30.2,161,0,27,320
2024-09-19,0,0,35.3,185,0,35,349
2024-09-20,0,0,20.5,197,0,38,319
2024-09-21,0,1,27.0,267,0,56,511
2024-09-22,0,1,18.9,258,0,52,411
2024-09-23,0,0,19.8,235,1,51,395
2024-09-24,0,0,32.4,197,0,34,344
2024-09-25,0,0,26.6,140,0,27,220
2024-09-26,0,0,31.9,188,0,37,331
2024-09-27,0,0,27.7,140,0,24,240
2024-09-28,0,1,33.5,296,0,56,582
2024-09-29,0,1,19.5,282,0,54,534
2024-09-30,0,0,29.3,147,0,32,257
2024-10-01,0,0,25.2,185,0,36,314
2024-10-02,0,0,23.3,193,0,38,365
2024-10-03,0,0,23.5,168,0,30,305
2024-10-04,0,0,32.7,210,0,39,402
2024-10-05,0,1,21.6,306,0,57,486
2024-10-06,0,1,18.9,293,0,54,488
2024-10-07,0,0,19.6,209,0,42,404
2024-10-08,0,0,34.0,192,0,43,339
2024-10-09,0,0,29.7,154,0,33,293
2024-10-10,0,0,27.7,196,0,36,316
2024-10-11,0,0,28.9,171,0,31,341
2024-10-12,0,1,31.4,253,0,51,418
2024-10-13,0,1,30.8,272,0,54,451
2024-10-14,0,0,20.9,251,1,53,402
2024-10-15,0,0,28.3,149,0,30,289
2024-10-16,0,0,35.5,171,0,33,325
2024-10-17,0,0,22.7,160,0,27,281
2024-10-18,0,0,18.3,190,0,40,348
2024-10-19,0,1,25.0,297,0,54,460
2024-10-20,0,1,28.6,268,0,58,450
2024-10-21,0,0,22.6,149,0,29,237
2024-10-22,0,0,26.1,269,1,60,468
2024-10-23,0,0,20.2,152,0,26,276
2024-10-24,0,0,24.9,184,0,38,293
2024-10-25,0,0,26.4,168,0,30,283
2024-10-26,0,1,21.8,236,0,45,380
2024-10-27,0,1,31.5,322,1,67,502
2024-10-28,0,0,35.3,214,0,46,378
2024-10-29,0,0,21.2,171,0,32,310
2024-10-30,0,0,28.0,169,0,35,315
2024-10-31,1,0,29.5,288,0,59,461
2024-11-01,0,0,24.1,174,0,31,270
2024-11-02,0,1,28.5,276,0,52,419
2024-11-03,0,1,34.6,305,0,59,543
2024-11-04,0,0,21.5,210,0,41,362
2024-11-05,0,0,26.4,256,1,56,391
2024-11-06,0,0,27.6,174,0,30,342
2024-11-07,0,0,24.2,209,0,39,328
2024-11-08,0,0,19.6,158,0,36,256
2024-11-09,0,1,30.2,296,0,64,481
2024-11-10,0,1,28.2,290,0,61,551
2024-11-11,0,0,29.9,167,0,37,320
2024-11-12,0,0,23.3,233,1,51,392
2024-11-13,0,0,18.9,207,0,39,325
2024-11-14,0,0,22.6,186,0,41,297
2024-11-15,0,0,24.6,205,0,41,388
2024-11-16,0,1,26.4,240,0,47,408
2024-11-17,0,1,34.2,300,0,59,483
2024-11-18,0,0,24.8,197,0,40,365
2024-11-19,0,0,23.9,205,0,41,400
2024-11-20,0,0,24.8,159,0,35,281
2024-11-21,0,0,32.6,282,1,61,511
2024-11-22,0,0,29.7,211,0,46,382
2024-11-23,0,1,19.4,298,0,60,552
2024-11-24,0,1,32.2,267,0,57,419
2024-11-25,1,0,26.8,282,0,56,536
2024-11-26,0,0,26.5,160,0,28,247
2024-11-27,0,0,31.4,163,0,35,261
2024-11-28,0,0,21.1,171,0,35,335
2024-11-29,0,0,31.6,154,0,31,297
2024-11-30,0,1,34.9,280,0,58,503
2024-12-01,0,1,27.4,236,0,42,377
2024-12-02,0,0,35.8,153,0,29,265
2024-12-03,0,0,33.7,171,0,34,303
2024-12-04,0,0,32.1,191,0,37,293
2024-12-05,0,0,32.7,201,0,36,371
2024-12-06,0,0,19.7,290,1,63,511
2024-12-07,0,1,27.1,290,0,55,530
2024-12-08,0,1,31.3,288,0,59,472
2024-12-09,0,0,23.6,181,0,39,340
2024-12-10,0,0,30.9,140,0,33,249
2024-12-11,0,0,35.4,210,0,45,419
2024-12-12,0,0,30.8,148,0,35,295
2024-12-13,0,0,19.3,208,0,43,349
2024-12-14,0,1,26.1,256,0,50,393
2024-12-15,0,1,29.9,230,0,42,414
2024-12-16,0,0,29.6,142,0,23,266
2024-12-17,0,0,20.8,207,0,37,348
2024-12-18,0,0,20.3,165,0,29,247
2024-12-19,0,0,19.0,185,0,41,328
2024-12-20,0,0,18.8,158,0,37,295
2024-12-21,0,1,27.8,295,0,61,459
2024-12-22,0,1,35.3,308,0,58,535
2024-12-23,0,0,20.2,194,0,35,338
2024-12-24,1,0,21.0,298,0,65,569
2024-12-25,1,0,19.5,327,0,74,590
2024-12-26,0,0,31.2,200,0,45,356
2024-12-27,0,0,34.6,140,0,28,240
2024-12-28,0,1,32.7,276,0,57,416
2024-12-29,0,1,32.5,303,0,60,501
2024-12-30,0,0,23.5,205,0,46,349
2024-12-31,1,0,24.7,280,0,59,511
2025-01-01,1,0,23.0,309,0,66,569
2025-01-02,0,0,25.9,214,0,45,359
2025-01-03,0,0,30.4,264,1,54,439
2025-01-04,0,1,31.9,333,1,76,546
2025-01-05,0,1,18.7,282,0,54,513
2025-01-06,0,0,33.0,146,0,29,269
2025-01-07,0,0,26.2,176,0,34,278
2025-01-08,0,0,34.1,196,0,36,327
2025-01-09,0,0,33.3,140,0,25,261
2025-01-10,0,0,30.9,149,0,30,295
2025-01-11,0,1,21.3,302,0,59,462
2025-01-12,0,1,28.2,299,0,63,510
2025-01-13,0,0,22.3,164,0,29,255
2025-01-14,0,0,26.7,226,1,53,406
2025-01-15,0,0,30.3,203,0,37,401
2025-01-16,0,0,33.4,271,1,57,406
2025-01-17,0,0,29.8,198,0,39,326
2025-01-18,0,1,32.4,233,0,42,371
2025-01-19,0,1,21.1,258,0,55,421
2025-01-20,0,0,34.8,187,0,39,355
2025-01-21,0,0,22.8,180,0,37,351
2025-01-22,0,0,25.1,160,0,33,300
2025-01-23,0,0,33.5,201,0,36,327
2025-01-24,0,0,32.6,297,1,68,512
2025-01-25,0,1,29.0,298,0,56,503
2025-01-26,0,1,23.3,275,0,52,486
2025-01-27,0,0,35.7,188,0,36,329
2025-01-28,0,0,30.7,168,0,38,269
2025-01-29,0,0,25.9,249,1,49,453
2025-01-30,0,0,18.9,186,0,39,328
2025-01-31,0,0,27.8,219,0,39,374
2025-02-01,0,1,25.6,238,0,51,392
2025-02-02,0,1,27.8,310,0,67,465
2025-02-03,0,0,21.4,226,1,44,411
2025-02-04,0,0,19.1,153,0,35,289
2025-02-05,0,0,33.0,195,0,39,369
2025-02-06,0,0,31.4,175,0,39,317
2025-02-07,0,0,33.7,159,0,33,308
2025-02-08,0,1,18.4,244,0,53,440
2025-02-09,0,1,29.4,252,0,52,445
2025-02-10,0,0,31.2,284,1,60,462
2025-02-11,0,0,33.8,208,0,41,353
2025-02-12,0,0,31.5,142,0,32,238
2025-02-13,0,0,24.3,194,0,39,346
2025-02-14,1,0,28.7,286,0,65,507
2025-02-15,0,1,30.5,362,1,80,571
2025-02-16,0,1,35.3,298,0,60,453
2025-02-17,0,0,28.0,166,0,32,259
2025-02-18,0,0,33.9,203,0,45,348
2025-02-19,0,0,31.0,179,0,40,336
2025-02-20,0,0,18.2,140,0,27,271
2025-02-21,0,0,32.1,194,0,35,311
2025-02-22,0,1,21.8,299,0,57,471
2025-02-23,0,1,32.2,241,0,46,426
2025-02-24,0,0,29.4,142,0,28,278
2025-02-25,0,0,30.9,168,0,36,300
2025-02-26,0,0,24.8,195,0,41,324
2025-02-27,0,0,35.1,163,0,38,310
2025-02-28,0,0,29.3,220,0,48,368
2025-03-01,0,1,25.7,233,0,45,461
2025-03-02,0,1,18.5,230,0,47,432
2025-03-03,0,0,28.7,194,0,34,386
2025-03-04,0,0,34.2,173,0,40,334
2025-03-05,0,0,27.8,189,0,33,365
2025-03-06,0,0,33.6,200,0,41,312
2025-03-07,0,0,29.6,160,0,32,288
2025-03-08,0,1,32.5,238,0,51,360
2025-03-09,0,1,21.2,268,0,51,502
2025-03-10,0,0,25.7,160,0,36,314
2025-03-11,0,0,21.1,169,0,36,292
2025-03-12,0,0,24.4,285,1,58,552
2025-03-13,0,0,18.3,187,0,42,325
2025-03-14,0,0,29.6,175,0,36,319
2025-03-15,0,1,23.3,298,0,61,449
2025-03-16,0,1,34.2,285,0,54,477
2025-03-17,0,0,34.5,165,0,34,303
2025-03-18,0,0,35.6,212,0,41,365
2025-03-19,0,0,29.2,182,0,39,327
2025-03-20,0,0,31.7,206,0,42,398
2025-03-21,0,0,23.4,155,0,26,278
2025-03-22,0,1,23.3,300,0,58,484
2025-03-23,0,1,24.5,240,0,52,441
2025-03-24,0,0,23.0,184,0,36,292
2025-03-25,0,0,22.9,189,0,42,304
2025-03-26,0,0,22.6,141,0,32,256
2025-03-27,0,0,34.4,142,0,30,247
2025-03-28,0,0,35.4,185,0,37,317
2025-03-29,0,1,23.6,309,0,65,555
2025-03-30,0,1,34.0,319,1,70,509
2025-03-31,0,0,31.3,169,0,31,296
2025-04-01,0,0,34.3,218,0,49,367
2025-04-02,0,0,27.8,167,0,29,274
2025-04-03,0,0,22.2,213,0,48,321
2025-04-04,0,0,27.4,213,0,39,349
2025-04-05,0,1,23.2,262,0,50,522
2025-04-06,0,1,31.7,242,0,53,443
2025-04-07,0,0,18.0,143,0,33,236
2025-04-08,0,0,26.1,172,0,33,258
2025-04-09,0,0,20.5,194,0,34,307
2025-04-10,0,0,24.2,197,0,35,360
2025-04-11,0,0,33.1,161,0,37,266
2025-04-12,0,1,35.7,261,0,55,496
2025-04-13,0,1,30.1,259,0,49,510
2025-04-14,0,0,30.5,175,0,35,333
2025-04-15,0,0,22.2,208,0,46,363
2025-04-16,0,0,32.3,215,0,41,373
2025-04-17,0,0,30.7,181,0,32,323
2025-04-18,0,0,26.9,196,0,41,325
2025-04-19,0,1,31.1,237,0,45,387
2025-04-20,0,1,21.8,247,0,45,380
2025-04-21,0,0,27.2,211,0,40,410
2025-04-22,0,0,33.5,182,0,35,334
2025-04-23,0,0,28.0,185,0,39,288
2025-04-24,0,0,19.9,209,0,40,361
2025-04-25,0,0,20.0,242,1,49,470
2025-04-26,0,1,33.6,245,0,52,367
2025-04-27,0,1,21.5,230,0,46,351
2025-04-28,0,0,29.7,206,0,38,323
2025-04-29,0,0,34.2,201,0,35,328
2025-04-30,0,0,26.1,171,0,39,263
2025-05-01,0,0,24.1,155,0,32,248
2025-05-02,0,0,24.9,216,0,44,423
2025-05-03,0,1,31.6,284,0,61,458
2025-05-04,0,1,28.6,280,0,53,480
2025-05-05,0,0,27.4,194,0,43,306
2025-05-06,0,0,19.6,206,0,42,379
2025-05-07,0,0,24.0,220,1,53,439
2025-05-08,0,0,31.6,217,0,39,424
2025-05-09,0,0,30.4,152,0,25,303
2025-05-10,0,1,35.1,236,0,44,360
2025-05-11,0,1,34.1,289,0,60,462
2025-05-12,0,0,35.0,239,1,55,475
2025-05-13,0,0,26.9,161,0,37,304
2025-05-14,0,0,28.1,153,0,32,242
2025-05-15,0,0,18.2,166,0,35,303
2025-05-16,0,0,35.1,188,0,39,366
2025-05-17,0,1,28.3,263,0,49,429
2025-05-18,0,1,29.3,293,0,58,576
2025-05-19,0,0,32.7,149,0,31,255
2025-05-20,0,0,18.5,210,0,46,353
2025-05-21,0,0,33.9,211,0,45,403
2025-05-22,0,0,34.5,170,0,39,285
2025-05-23,0,0,28.7,260,1,61,490
2025-05-24,0,1,33.2,291,0,55,563
2025-05-25,0,1,27.0,278,0,60,524
2025-05-26,0,0,19.3,207,0,38,399
2025-05-27,0,0,33.7,152,0,34,234
2025-05-28,0,0,35.3,198,0,36,373
2025-05-29,0,0,23.1,166,0,32,297
2025-05-30,0,0,18.2,198,0,37,335
2025-05-31,0,1,22.0,352,1,77,611
2025-06-01,0,1,31.5,255,0,54,412
2025-06-02,0,0,31.6,167,0,29,258
2025-06-03,0,0,26.7,162,0,34,262
2025-06-04,0,0,21.9,200,0,45,396
2025-06-05,0,0,31.7,145,0,27,234
2025-06-06,0,0,26.7,214,0,48,345
2025-06-07,0,1,31.3,249,0,48,405
2025-06-08,0,1,19.0,384,1,83,620
2025-06-09,0,0,22.7,208,0,45,367
2025-06-10,0,0,32.0,160,0,28,314
2025-06-11,0,0,19.4,267,1,52,492
2025-06-12,0,0,20.7,158,0,33,271
2025-06-13,0,0,27.1,180,0,34,323
2025-06-14,0,1,30.1,254,0,46,474
2025-06-15,0,1,32.6,305,0,65,544
2025-06-16,0,0,18.5,149,0,29,226
2025-06-17,0,0,25.8,174,0,34,263
2025-06-18,0,0,35.5,226,1,52,426
2025-06-19,0,0,26.7,161,0,36,250
2025-06-20,0,0,31.1,152,0,35,229
2025-06-21,0,1,32.3,291,0,62,455
2025-06-22,0,1,31.7,284,0,53,532
2025-06-23,0,0,36.0,143,0,34,279
2025-06-24,0,0,28.6,290,1,60,440
2025-06-25,0,0,26.4,184,0,42,336
2025-06-26,0,0,23.9,217,0,46,367
2025-06-27,0,0,32.7,197,0,37,368
2025-06-28,0,1,29.4,282,0,58,503
2025-06-29,0,1,25.0,260,0,55,517
2025-06-30,0,0,32.8,187,0,39,290
2025-07-01,0,0,34.9,292,1,59,508
2025-07-02,0,0,25.6,220,0,47,336
2025-07-03,0,0,19.6,141,0,33,234
2025-07-04,1,0,20.0,304,0,66,568
2025-07-05,0,1,32.7,346,1,77,636
2025-07-06,0,1,34.2,275,0,50,472
2025-07-07,0,0,22.4,169,0,39,323
2025-07-08,0,0,32.3,250,1,53,495
2025-07-09,0,0,19.1,209,0,47,370
2025-07-10,0,0,26.6,185,0,33,333
2025-07-11,0,0,20.6,207,0,38,321
2025-07-12,0,1,31.8,234,0,46,389
2025-07-13,0,1,25.8,257,0,50,424
2025-07-14,0,0,25.9,145,0,28,264
2025-07-15,0,0,19.3,271,1,62,537
2025-07-16,0,0,18.8,194,0,39,298
2025-07-17,0,0,31.3,162,0,30,308
2025-07-18,0,0,22.6,219,0,40,401
2025-07-19,0,1,28.9,274,0,56,474
2025-07-20,0,1,20.5,302,0,55,463
2025-07-21,0,0,22.4,211,0,45,390
2025-07-22,0,0,22.7,214,0,48,327
2025-07-23,0,0,35.2,152,0,25,257
2025-07-24,0,0,29.9,142,0,33,257
2025-07-25,0,0,23.1,181,0,34,345
2025-07-26,0,1,25.2,297,0,58,484
2025-07-27,0,1,18.1,298,0,62,450
2025-07-28,0,0,30.5,169,0,37,262
2025-07-29,0,0,30.8,150,0,27,245
2025-07-30,0,0,18.6,177,0,35,327
2025-07-31,0,0,35.2,150,0,28,290
2025-08-01,0,0,24.5,172,0,30,341
2025-08-02,0,1,23.0,306,0,59,603
2025-08-03,0,1,32.0,265,0,51,460
2025-08-04,0,0,33.7,172,0,35,269
2025-08-05,0,0,31.6,161,0,35,297
2025-08-06,0,0,29.2,201,0,45,359
2025-08-07,0,0,26.6,176,0,38,291
2025-08-08,0,0,34.8,140,0,28,212
2025-08-09,0,1,29.1,263,0,52,485
2025-08-10,0,1,35.9,233,0,52,420
2025-08-11,0,0,26.0,206,0,42,338
2025-08-12,0,0,29.7,192,0,37,333
2025-08-13,0,0,23.9,170,0,29,266
2025-08-14,0,0,23.6,205,0,45,356
2025-08-15,0,0,22.2,206,0,36,335
2025-08-16,0,1,18.9,345,1,77,523
2025-08-17,0,1,24.8,315,1,63,485
2025-08-18,0,0,18.1,145,0,27,267
2025-08-19,0,0,25.7,193,0,42,348
2025-08-20,0,0,23.8,171,0,31,265
2025-08-21,0,0,18.7,169,0,39,301
2025-08-22,0,0,24.9,159,0,32,245
2025-08-23,0,1,22.3,234,0,52,453
2025-08-24,0,1,25.2,238,0,48,418
2025-08-25,0,0,28.6,187,0,42,331
2025-08-26,0,0,24.9,144,0,30,277
2025-08-27,0,0,26.6,189,0,37,362
2025-08-28,0,0,20.3,188,0,42,338
2025-08-29,0,0,20.5,153,0,35,301
2025-08-30,0,1,30.7,266,0,48,402
2025-08-31,0,1,19.8,244,0,48,402
2025-09-01,0,0,32.2,160,0,32,246
2025-09-02,0,0,33.9,153,0,27,247
2025-09-03,0,0,27.1,143,0,34,265
2025-09-04,0,0,35.0,153,0,34,304
2025-09-05,0,0,30.1,151,0,33,282
2025-09-06,0,1,25.1,293,0,63,570
2025-09-07,0,1,22.7,243,0,51,467
2025-09-08,0,0,19.6,147,0,24,226
2025-09-09,0,0,32.9,195,0,40,364
2025-09-10,0,0,35.0,164,0,31,310
2025-09-11,0,0,33.1,157,0,28,270
2025-09-12,0,0,29.0,162,0,35,287
2025-09-13,0,1,25.1,305,0,65,530
2025-09-14,0,1,19.5,312,1,62,551
2025-09-15,0,0,31.2,206,0,40,365
2025-09-16,0,0,25.9,291,1,61,468
2025-09-17,0,0,32.1,156,0,35,234
2025-09-18,0,0,36.0,183,0,35,297
2025-09-19,0,0,34.9,230,1,46,397
2025-09-20,0,1,30.6,374,1,84,618
2025-09-21,0,1,29.6,282,0,56,560
2025-09-22,0,0,32.9,143,0,28,218
2025-09-23,0,0,32.4,212,0,44,414
2025-09-24,0,0,21.5,194,0,35,371
2025-09-25,0,0,24.3,160,0,35,297
2025-09-26,0,0,25.4,178,0,31,288
2025-09-27,0,1,27.2,260,0,51,509
2025-09-28,0,1,27.1,266,0,50,497
2025-09-29,0,0,27.1,144,0,30,278
2025-09-30,0,0,27.5,154,0,30,302
2025-10-01,0,0,33.5,151,0,35,261
2025-10-02,0,0,30.1,159,0,34,272
2025-10-03,0,0,32.4,167,0,29,328
2025-10-04,0,1,25.5,281,0,55,528
2025-10-05,0,1,34.8,248,0,46,454
2025-10-06,0,0,27.3,142,0,27,233
2025-10-07,0,0,33.5,211,0,41,392
2025-10-08,0,0,29.1,174,0,30,320
2025-10-09,0,0,20.8,184,0,33,298
2025-10-10,0,0,32.0,212,0,44,407
2025-10-11,0,1,23.1,256,0,50,408
2025-10-12,0,1,23.0,277,0,57,462
2025-10-13,0,0,25.6,152,0,26,278
2025-10-14,0,0,19.8,144,0,27,235
2025-10-15,0,0,29.1,205,0,40,390
2025-10-16,0,0,35.1,151,0,33,269
2025-10-17,0,0,19.1,155,0,33,272
2025-10-18,0,1,20.7,260,0,55,408
2025-10-19,0,1,20.3,289,0,55,435
2025-10-20,0,0,35.3,197,0,40,361
2025-10-21,0,0,34.3,216,0,44,372
2025-10-22,0,0,34.0,160,0,29,310
2025-10-23,0,0,26.5,213,0,43,350
2025-10-24,0,0,34.2,153,0,26,269
2025-10-25,0,1,27.9,295,0,57,486
2025-10-26,0,1,29.7,276,0,54,451
2025-10-27,0,0,31.3,155,0,26,304
2025-10-28,0,0,19.3,145,0,31,289
2025-10-29,0,0,34.0,167,0,33,267
2025-10-30,0,0,25.1,207,0,37,343
2025-10-31,1,0,20.8,273,0,59,456
2025-11-01,0,1,26.7,259,0,47,486
2025-11-02,0,1,22.4,310,0,59,470
2025-11-03,0,0,33.1,163,0,37,316
2025-11-04,0,0,33.9,189,0,36,351
2025-11-05,0,0,23.6,173,0,38,271
2025-11-06,0,0,20.7,211,0,41,359
2025-11-07,0,0,19.2,220,0,41,400
2025-11-08,0,1,26.1,281,0,56,460
2025-11-09,0,1,25.5,279,0,58,547
2025-11-10,0,0,19.9,299,1,60,479
2025-11-11,0,0,22.9,183,0,36,352
2025-11-12,0,0,20.5,206,0,42,355
2025-11-13,0,0,25.1,161,0,32,255
2025-11-14,0,0,33.4,209,0,44,317
2025-11-15,0,1,24.1,276,0,58,449
2025-11-16,0,1,22.7,236,0,51,366
2025-11-17,0,0,19.6,214,0,47,349
2025-11-18,0,0,23.9,187,0,41,330
2025-11-19,0,0,35.5,218,0,45,425
2025-11-20,0,0,25.0,156,0,28,271
2025-11-21,0,0,24.8,165,0,33,316
2025-11-22,0,1,33.9,271,0,58,500
2025-11-23,0,1,30.0,285,0,62,547
2025-11-24,0,0,31.2,262,1,53,428
2025-11-25,1,0,28.4,290,0,62,554
2025-11-26,0,0,32.7,159,0,33,297
2025-11-27,0,0,30.9,157,0,27,235
2025-11-28,0,0,20.8,154,0,30,249
2025-11-29,0,1,26.1,289,0,55,513
2025-11-30,0,1,19.0,271,0,57,429
2025-12-01,0,0,30.1,180,0,35,356
2025-12-02,0,0,28.9,212,0,46,323
2025-12-03,0,0,32.9,146,0,28,225
2025-12-04,0,0,19.3,189,0,40,321
2025-12-05,0,0,24.6,144,0,31,260
2025-12-06,0,1,23.9,292,0,55,471
2025-12-07,0,1,31.3,240,0,49,364
2025-12-08,0,0,25.2,164,0,33,276
2025-12-09,0,0,32.6,279,1,58,540
2025-12-10,0,0,28.4,146,0,27,262
2025-12-11,0,0,25.0,199,0,35,373
2025-12-12,0,0,23.6,163,0,38,321
2025-12-13,0,1,24.2,352,1,79,622
2025-12-14,0,1,34.5,239,0,49,374
2025-12-15,0,0,31.2,194,0,44,338
2025-12-16,0,0,25.7,278,1,64,460
2025-12-17,0,0,23.2,205,0,43,338
2025-12-18,0,0,18.7,195,0,44,366
2025-12-19,0,0,31.0,209,0,44,313
2025-12-20,0,1,29.3,278,0,56,498
2025-12-21,0,1,31.8,257,0,53,416
2025-12-22,0,0,24.9,192,0,42,305
2025-12-23,0,0,26.1,149,0,27,263
2025-12-24,1,0,31.4,322,0,69,635
2025-12-25,1,0,19.6,262,0,62,462
2025-12-26,0,0,22.1,194,0,34,368
2025-12-27,0,1,18.1,296,0,63,540
2025-12-28,0,1,31.5,234,0,52,440
2025-12-29,0,0,27.7,166,0,36,307
2025-12-30,0,0,30.7,146,0,34,234
2025-12-31,1,0,25.2,318,0,70,538
2026-01-01,1,0,23.4,325,0,72,614
2026-01-02,0,0,35.2,148,0,27,295
2026-01-03,0,1,31.6,245,0,46,412
2026-01-04,0,1,31.0,297,0,54,560
2026-01-05,0,0,22.2,202,0,43,326
2026-01-06,0,0,22.6,235,1,50,450
2026-01-07,0,0,34.9,216,0,41,420
2026-01-08,0,0,31.8,166,0,37,303
2026-01-09,0,0,22.6,173,0,35,300
2026-01-10,0,1,22.9,281,0,58,472
2026-01-11,0,1,29.4,308,0,67,534
2026-01-12,0,0,29.7,140,0,27,269
2026-01-13,0,0,24.8,211,0,37,336
2026-01-14,0,0,32.0,190,0,37,326
2026-01-15,0,0,21.1,153,0,35,232
2026-01-16,0,0,35.2,160,0,36,256
2026-01-17,0,1,27.9,300,0,62,498
2026-01-18,0,1,21.1,277,0,56,551
2026-01-19,0,0,24.6,217,0,42,366
2026-01-20,0,0,33.6,190,0,43,301
2026-01-21,0,0,29.4,170,0,34,269
2026-01-22,0,0,26.1,150,0,25,272
2026-01-23,0,0,32.3,185,0,33,296
2026-01-24,0,1,24.9,283,0,57,520
2026-01-25,0,1,23.6,241,0,50,425
2026-01-26,0,0,26.0,205,0,40,368
2026-01-27,0,0,21.3,194,0,40,321
2026-01-28,0,0,19.9,153,0,35,296
2026-01-29,0,0,22.3,201,0,35,338
2026-01-30,0,0,20.8,172,0,39,291
2026-01-31,0,1,18.6,232,0,46,371
2026-02-01,0,1,32.7,298,0,60,568
2026-02-02,0,0,19.9,151,0,31,273
2026-02-03,0,0,29.5,211,0,41,405
2026-02-04,0,0,24.2,212,0,44,397
2026-02-05,0,0,29.9,183,0,42,340
2026-02-06,0,0,19.6,189,0,38,329
2026-02-07,0,1,28.8,235,0,46,397
2026-02-08,0,1,25.5,265,0,51,461
2026-02-09,0,0,29.3,185,0,40,321
2026-02-10,0,0,20.1,178,0,41,276
2026-02-11,0,0,29.2,204,0,41,317
2026-02-12,0,0,29.5,165,0,32,288
2026-02-13,0,0,20.5,208,0,38,317
2026-02-14,1,1,30.9,391,0,78,733
2026-02-15,0,1,26.6,254,0,56,438
2026-02-16,0,0,21.1,220,0,47,389
2026-02-17,0,0,19.2,193,0,42,331
2026-02-18,0,0,28.5,210,0,44,356
2026-02-19,0,0,33.5,298,1,64,582
2026-02-20,0,0,29.3,162,0,32,285
2026-02-21,0,1,25.7,289,0,54,555
2026-02-22,0,1,19.3,290,0,62,480
2026-02-23,0,0,21.2,169,0,38,262
2026-02-24,0,0,20.5,161,0,31,273
2026-02-25,0,0,31.9,145,0,24,260
2026-02-26,0,0,30.6,176,0,37,350
2026-02-27,0,0,23.2,162,0,32,260
2026-02-28,0,1,20.7,259,0,54,436
2026-03-01,0,1,25.8,284,0,59,447
2026-03-02,0,0,30.3,218,0,46,360
2026-03-03,0,0,25.3,188,0,37,304
2026-03-04,0,0,19.5,197,0,34,322
2026-03-05,0,0,23.8,163,0,29,294
2026-03-06,0,0,26.2,146,0,31,285
2026-03-07,0,1,31.5,234,0,42,465
2026-03-08,0,1,33.7,284,0,55,436
2026-03-09,0,0,33.6,219,0,48,341
2026-03-10,0,0,30.8,163,0,35,256
2026-03-11,0,0,20.7,166,0,33,276
2026-03-12,0,0,24.3,193,0,39,380
2026-03-13,0,0,35.9,199,0,44,338
2026-03-14,0,1,19.6,287,0,58,516
2026-03-15,0,1,30.4,240,0,50,408
2026-03-16,0,0,18.9,183,0,35,347
2026-03-17,0,0,25.8,167,0,31,331
2026-03-18,0,0,20.2,220,0,39,407
2026-03-19,0,0,30.2,165,0,29,297
2026-03-20,0,0,26.1,215,0,39,367
2026-03-21,0,1,21.4,278,0,55,459
2026-03-22,0,1,29.9,298,0,60,582
2026-03-23,0,0,27.1,215,0,38,382
2026-03-24,0,0,21.7,168,0,37,255
2026-03-25,0,0,21.6,190,0,43,314
2026-03-26,0,0,25.2,146,0,30,258
2026-03-27,0,0,19.1,150,0,31,225
2026-03-28,0,1,33.2,264,0,53,416
2026-03-29,0,1,28.9,295,0,59,535
2026-03-30,0,0,34.4,181,0,40,341
2026-03-31,0,0,34.1,164,0,30,246
2026-04-01,0,0,25.0,153,0,29,295
2026-04-02,0,0,20.9,187,0,41,331
2026-04-03,0,0,21.8,215,0,45,383
2026-04-04,0,1,33.8,305,0,66,524
2026-04-05,0,1,31.1,295,0,64,481
2026-04-06,0,0,30.9,175,0,33,344
2026-04-07,0,0,20.8,155,0,32,241
2026-04-08,0,0,35.3,147,0,25,288
2026-04-09,0,0,33.0,194,0,36,336
2026-04-10,0,0,24.1,157,0,32,257
2026-04-11,0,1,24.4,285,0,62,483
2026-04-12,0,1,32.3,255,0,56,498
2026-04-13,0,0,32.9,143,0,33,257
2026-04-14,0,0,30.8,287,1,63,538
2026-04-15,0,0,34.7,163,0,38,305
2026-04-16,0,0,18.2,196,0,36,328
2026-04-17,0,0,26.6,207,0,36,337
2026-04-18,0,1,29.9,248,0,55,394
2026-04-19,0,1,30.8,275,0,52,443
2026-04-20,0,0,19.0,196,0,39,312
2026-04-21,0,0,27.1,202,0,45,367
2026-04-22,0,0,21.9,198,0,42,320
2026-04-23,0,0,18.6,204,0,40,366
2026-04-24,0,0,25.6,193,0,42,338
2026-04-25,0,1,25.2,259,0,49,424
2026-04-26,0,1,24.9,237,0,47,450
2026-04-27,0,0,27.7,214,0,45,407
2026-04-28,0,0,24.6,185,0,33,367
2026-04-29,0,0,20.0,175,0,38,333
2026-04-30,0,0,31.4,148,0,26,289
2026-05-01,0,0,32.4,197,0,37,323
2026-05-02,0,1,32.9,325,1,71,594
2026-05-03,0,1,28.6,273,0,55,528
2026-05-04,0,0,21.5,170,0,36,317
2026-05-05,0,0,30.1,196,0,44,337
2026-05-06,0,0,24.4,151,0,29,234
2026-05-07,0,0,32.0,295,1,59,541
2026-05-08,0,0,35.9,214,0,46,341
2026-05-09,0,1,27.1,357,1,75,693
2026-05-10,0,1,23.9,268,0,53,453
2026-05-11,0,0,24.8,199,0,43,350
2026-05-12,0,0,31.2,158,0,36,314
2026-05-13,0,0,28.3,186,0,36,360
2026-05-14,0,0,22.1,211,0,39,368
2026-05-15,0,0,24.5,147,0,24,229
2026-05-16,0,1,27.8,297,0,61,482
2026-05-17,0,1,34.3,242,0,50,384
2026-05-18,0,0,33.8,155,0,34,258
2026-05-19,0,0,32.9,192,0,33,371
2026-05-20,0,0,29.2,142,0,31,263
2026-05-21,0,0,29.2,172,0,32,270
2026-05-22,0,0,28.2,188,0,38,371
2026-05-23,0,1,32.2,264,0,48,461
2026-05-24,0,1,22.2,233,0,47,433
2026-05-25,0,0,35.5,266,1,56,463
2026-05-26,0,0,33.3,194,0,40,302
2026-05-27,0,0,31.6,146,0,32,235
2026-05-28,0,0,25.7,194,0,41,359
2026-05-29,0,0,35.9,163,0,28,308
2026-05-30,0,1,33.9,253,0,49,427
2026-05-31,0,1,27.3,287,0,61,554
2026-06-01,0,0,35.2,185,0,32,342
2026-06-02,0,0,24.3,220,0,48,424
2026-06-03,0,0,19.7,140,0,26,243
2026-06-04,0,0,35.3,179,0,37,268
2026-06-05,0,0,26.0,213,0,47,418
2026-06-06,0,1,18.0,243,0,48,374
2026-06-07,0,1,33.2,243,0,53,451
2026-06-08,0,0,35.1,219,0,42,417
2026-06-09,0,0,21.3,143,0,26,233
2026-06-10,0,0,19.2,202,0,36,399
2026-06-11,0,0,28.8,140,0,29,211
2026-06-12,0,0,22.9,208,0,38,361
2026-06-13,0,1,26.9,263,0,56,446
2026-06-14,0,1,23.3,274,0,58,449
2026-06-15,0,0,18.7,183,0,35,302
2026-06-16,0,0,27.8,218,0,44,389
2026-06-17,0,0,30.5,155,0,35,253
2026-06-18,0,0,27.4,214,0,43,406
2026-06-19,0,0,28.8,203,0,42,323
2026-06-20,0,1,24.3,232,0,44,359
2026-06-21,0,1,35.3,291,0,59,494
2026-06-22,0,0,24.4,144,0,30,243
2026-06-23,0,0,20.9,180,0,41,286
2026-06-24,0,0,33.1,166,0,32,280
2026-06-25,0,0,19.4,170,0,38,302
2026-06-26,0,0,24.1,181,0,35,298
2026-06-27,0,1,21.2,274,0,56,515
2026-06-28,0,1,29.6,267,0,51,499
2026-06-29,0,0,32.5,154,0,31,291
2026-06-30,0,0,23.8,174,0,32,327
2026-07-01,0,0,18.9,201,0,37,306
2026-07-02,0,0,29.2,245,1,54,429
2026-07-03,0,0,23.2,171,0,39,318
2026-07-04,1,1,33.1,392,0,83,589
2026-07-05,0,1,19.5,318,1,65,570
2026-07-06,0,0,24.0,168,0,36,267
2026-07-07,0,0,35.7,214,0,47,352
2026-07-08,0,0,20.5,172,0,35,331
2026-07-09,0,0,19.3,156,0,28,277
2026-07-10,0,0,24.6,201,0,39,393
2026-07-11,0,1,25.2,306,0,59,515
2026-07-12,0,1,19.0,249,0,45,489
2026-07-13,0,0,35.4,192,0,43,291
2026-07-14,0,0,32.1,220,0,41,396
2026-07-15,0,0,21.5,157,0,36,252
2026-07-16,0,0,21.5,175,0,36,271
2026-07-17,0,0,24.2,171,0,39,340
2026-07-18,0,1,33.6,233,0,49,440
2026-07-19,0,1,32.3,301,0,62,503
2026-07-20,0,0,34.3,219,0,40,363
2026-07-21,0,0,32.6,165,0,30,324
2026-07-22,0,0,34.8,155,0,35,308
2026-07-23,0,0,32.5,182,0,33,318
2026-07-24,0,0,30.5,216,0,42,354
2026-07-25,0,1,19.5,270,0,57,502
2026-07-26,0,1,25.4,256,0,49,419
2026-07-27,0,0,26.0,210,0,47,405
2026-07-28,0,0,20.1,172,0,34,289
2026-07-29,0,0,29.2,204,0,38,307
2026-07-30,0,0,23.1,163,0,33,269
2026-07-31,0,0,30.3,208,0,37,342
2026-08-01,0,1,18.1,276,0,54,520
2026-08-02,0,1,34.1,289,0,62,488
2026-08-03,0,0,24.5,257,1,55,457
2026-08-04,0,0,30.6,218,0,49,378
2026-08-05,0,0,30.6,188,0,42,336
2026-08-06,0,0,29.8,207,0,37,390
2026-08-07,0,0,34.4,187,0,35,347
2026-08-08,0,1,34.7,263,0,51,493
2026-08-09,0,1,31.8,253,0,53,393
2026-08-10,0,0,35.0,143,0,29,264
2026-08-11,0,0,24.6,183,0,35,363
2026-08-12,0,0,22.3,184,0,38,279
2026-08-13,0,0,30.1,177,0,40,312
2026-08-14,0,0,28.9,200,0,44,393
2026-08-15,0,1,34.2,267,0,55,507
2026-08-16,0,1,29.0,230,0,49,360
2026-08-17,0,0,34.3,194,0,43,378
2026-08-18,0,0,34.6,174,0,30,314
2026-08-19,0,0,30.1,181,0,31,315
2026-08-20,0,0,32.2,151,0,27,276
2026-08-21,0,0,34.0,186,0,41,282
2026-08-22,0,1,33.0,360,1,73,542
2026-08-23,0,1,26.1,277,0,59,474
2026-08-24,0,0,20.8,191,0,43,297
2026-08-25,0,0,33.4,147,0,32,267
2026-08-26,0,0,28.6,219,0,43,430
2026-08-27,0,0,32.7,171,0,29,320
2026-08-28,0,0,35.3,164,0,34,320
2026-08-29,0,1,20.0,304,0,56,467
2026-08-30,0,1,22.4,274,0,58,538
2026-08-31,0,0,30.2,220,0,43,400
2026-09-01,0,0,25.4,165,0,32,262
2026-09-02,0,0,28.9,178,0,31,301
2026-09-03,0,0,18.1,258,1,52,485
2026-09-04,0,0,28.1,183,0,34,356
2026-09-05,0,1,34.4,265,0,51,520
2026-09-06,0,1,20.1,243,0,51,471
2026-09-07,0,0,23.2,180,0,35,315
2026-09-08,0,0,29.5,176,0,38,301
2026-09-09,0,0,27.6,211,0,43,345
2026-09-10,0,0,20.4,177,0,39,320
2026-09-11,0,0,22.8,142,0,27,213
2026-09-12,0,1,27.7,299,0,65,514
2026-09-13,0,1,18.5,289,0,58,445
2026-09-14,0,0,28.2,218,0,46,421
2026-09-15,0,0,35.4,195,0,40,309
2026-09-16,0,0,24.7,219,0,44,423
2026-09-17,0,0,32.1,210,0,44,353
2026-09-18,0,0,30.0,199,0,45,312
2026-09-19,0,1,21.9,251,0,50,392
2026-09-20,0,1,22.1,253,0,46,480
2026-09-21,0,0,33.8,179,0,34,301
2026-09-22,0,0,20.7,214,0,38,402
2026-09-23,0,0,21.0,218,0,41,420
2026-09-24,0,0,30.8,148,0,34,265
2026-09-25,0,0,21.5,198,0,42,299
2026-09-26,0,1,27.7,302,0,55,573
2026-09-27,0,1,33.8,303,0,62,549
2026-09-28,0,0,27.3,181,0,40,309
2026-09-29,0,0,20.0,150,0,34,253
2026-09-30,0,0,24.3,253,1,56,473
2026-10-01,0,0,19.6,158,0,35,299
2026-10-02,0,0,18.6,234,1,50,400
2026-10-03,0,1,27.9,249,0,52,466
2026-10-04,0,1,32.0,281,0,57,561
2026-10-05,0,0,29.2,200,0,44,329
2026-10-06,0,0,30.8,207,0,42,344
2026-10-07,0,0,26.6,177,0,34,293
2026-10-08,0,0,34.5,182,0,33,354
2026-10-09,0,0,35.3,210,0,44,400
2026-10-10,0,1,19.2,236,0,44,416
2026-10-11,0,1,28.7,306,0,57,580
2026-10-12,0,0,19.9,173,0,35,284
2026-10-13,0,0,28.5,188,0,37,354
2026-10-14,0,0,24.1,291,1,58,496
2026-10-15,0,0,22.2,191,0,39,329
2026-10-16,0,0,33.7,185,0,35,346
2026-10-17,0,1,31.5,271,0,53,433
2026-10-18,0,1,27.0,288,0,63,535
2026-10-19,0,0,21.4,184,0,36,341
2026-10-20,0,0,26.1,198,0,45,311
2026-10-21,0,0,34.9,170,0,37,332
2026-10-22,0,0,31.4,185,0,36,283
2026-10-23,0,0,32.7,141,0,28,256
2026-10-24,0,1,32.1,296,0,60,492
2026-10-25,0,1,28.4,257,0,55,447
2026-10-26,0,0,34.4,144,0,34,270
2026-10-27,0,0,28.9,193,0,38,329
2026-10-28,0,0,26.2,178,0,34,288
2026-10-29,0,0,24.4,173,0,35,277
2026-10-30,0,0,19.7,146,0,30,264
2026-10-31,1,1,24.6,406,0,91,725
2026-11-01,0,1,23.8,246,0,52,473
2026-11-02,0,0,22.5,172,0,29,325
2026-11-03,0,0,29.6,167,0,38,260
2026-11-04,0,0,26.4,215,0,46,341
2026-11-05,0,0,27.6,195,0,38,334
2026-11-06,0,0,19.6,256,1,60,478
2026-11-07,0,1,33.2,273,0,51,456
2026-11-08,0,1,35.9,309,0,67,571
2026-11-09,0,0,25.8,154,0,34,306
2026-11-10,0,0,28.4,183,0,41,297
2026-11-11,0,0,20.5,165,0,31,280
2026-11-12,0,0,30.4,173,0,32,267
2026-11-13,0,0,23.9,165,0,37,256
2026-11-14,0,1,34.3,280,0,56,492
2026-11-15,0,1,19.4,289,0,57,501
2026-11-16,0,0,31.1,197,0,43,386
2026-11-17,0,0,20.2,185,0,41,280
2026-11-18,0,0,34.4,206,0,43,333
2026-11-19,0,0,22.9,209,0,40,363
2026-11-20,0,0,18.6,176,0,34,308
2026-11-21,0,1,28.4,263,0,54,485
2026-11-22,0,1,25.2,291,0,53,578
2026-11-23,0,0,33.6,199,0,35,308
2026-11-24,0,0,23.8,152,0,31,273
2026-11-25,1,0,29.9,290,0,65,446
2026-11-26,0,0,31.5,177,0,30,345
2026-11-27,0,0,27.6,292,1,59,450
2026-11-28,0,1,31.0,265,0,53,410
2026-11-29,0,1,20.2,310,0,62,503
2026-11-30,0,0,26.9,201,0,44,366
2026-12-01,0,0,31.7,176,0,31,332
2026-12-02,0,0,18.9,219,0,48,359
2026-12-03,0,0,22.6,145,0,33,258
2026-12-04,0,0,24.7,191,0,41,305
2026-12-05,0,1,21.8,247,0,44,486
2026-12-06,0,1,24.8,275,0,60,430
2026-12-07,0,0,32.5,145,0,24,250
2026-12-08,0,0,25.7,157,0,33,287
2026-12-09,0,0,21.0,191,0,36,343
2026-12-10,0,0,27.5,195,0,35,305
2026-12-11,0,0,19.9,151,0,34,271
2026-12-12,0,1,20.9,313,1,69,584
2026-12-13,0,1,22.9,288,0,63,505
2026-12-14,0,0,27.3,147,0,32,275
2026-12-15,0,0,36.0,146,0,26,271
2026-12-16,0,0,19.8,170,0,37,286
2026-12-17,0,0,20.6,206,0,46,394
2026-12-18,0,0,20.7,206,0,46,343
2026-12-19,0,1,24.8,297,0,62,554
2026-12-20,0,1,21.1,235,0,49,405
2026-12-21,0,0,34.1,149,0,35,243
2026-12-22,0,0,25.8,157,0,26,268
2026-12-23,0,0,27.7,222,1,46,353
2026-12-24,1,0,22.9,324,0,66,644
2026-12-25,1,0,35.0,264,0,53,397
2026-12-26,0,1,34.2,268,0,49,528
2026-12-27,0,1,26.3,254,0,54,382
2026-12-28,0,0,24.1,203,0,41,360
2026-12-29,0,0,28.0,157,0,36,265
